Player,Season,Club,Position,MLS,Year WAR/WARP,Career WARP,Year Salary,Player Request,Club Offer,Next Year Salary,Estimate/Notes
"Burnes, Corbin",2023,MIL,rhp-s,4.049,5.4,14.4,"$6,500,000 ","$10,750,000 ","$10,010,000 ","$10,010,000 ","$13,100,000 "
"Alonso, Pete",2023,NYN,1b,4,5.4,14.4,"$7,400,000 ",,,"$14,500,000 ","$15,000,000 "
"Cease, Dylan",2023,CHA,rhp,3.089,4.5,7.7,"$750,000 ",,,"$5,700,000 ","$4,750,000 "
"Walker, Christian",2023,ARI,1b,4.124,4.4,10.4,"$2,600,000 ",,,"$6,500,000 ","$6,250,000 "
"Gallen, Zac",2023,ARI,rhp-s,3.1,4.2,9.6,"$745,600 ",,,"$5,600,000 ","$4,250,000 "
"Guerrero, Vladimir Jr.",2023,TOR,3b,3.157,4.1,11.8,"$7,900,000 ",,,"$14,500,000 ","$14,500,000 "
"Smith, Will",2023,LAN,c,3.09,4.1,10.8,"$730,000 ",,,"$5,250,000 ","$5,250,000 "
"Tucker, Kyle",2023,HOU,of,3.079,4.1,8.8,"$764,200 ","$7,500,000 ","$5,000,000 ","$5,000,000 ","$4,750,000 "
"Murphy, Sean",2023,ATL,c,3.029,4,7.5,"$725,000 ",,6 y/$73M extn,,"$3,900,000 "
"Ward, Taylor",2023,ANA,3b,2.164,3.9,4.7,"$720,000 ",,,"$2,750,000 ","$3,250,000 "
"Bieber, Shane",2023,CLE,rhp-s,4.097,3.8,15.3,"$6,000,000 ",,,"$10,010,000 ","$12,750,000 "
"Devers, Rafael",2023,BOS,3b,5.07,3.7,15.6,"$11,200,000 ",,,"$17,500,000 ","$16,500,000 "
"Woodruff, Brandon",2023,MIL,rhp-s,4.161,3.7,14.5,"$6,800,000 ",,,"$10,800,000 ","$13,250,000 "
"McNeil, Jeff",2023,NYN,2b,4.069,3.6,9.3,"$3,000,000 ","$7,750,000 ","$6,250,000 ",,"$6,000,000 "
"Santander, Anthony",2023,BAL,rf,4.162,3.6,6.9,"$3,150,000 ",,,"$7,400,000 ","$7,100,000 "
"Trevino, Jose",2023,NYA,c,3.063,3.6,6.7,"$720,000 ",,,"$2,360,000 ","$3,600,000 "
"Fried, Max",2023,ATL,lhp-s,4.148,3.5,11.4,"$6,850,000 ","$15,000,000 ","$13,500,000 ","$13,500,000 ","$12,750,000 "
"Ohtani, Shohei",2023,ANA,rhp-s,5,3.5,11.3,"$5,500,000 ",,,"$30,000,000 ",
"Javier, Cristian",2023,HOU,rhp-s,3,3.5,4.8,"$749,100 ","$3,500,000 ","$3,000,000 ",5 y/$64M extn,"$3,000,000 "
"Díaz, Yandy",2023,TBA,3b,4.122,3.4,7.1,"$2,800,000 ","$6,300,000 ","$5,500,000 ",3 y/$24M extn,"$6,000,000 "
"Arraez, Luis",2023,MIA,2b,3.121,3.3,8.5,"$2,125,000 ","$6,100,000 ","$5,000,000 ","$6,100,000 ","$6,000,000 "
"Valdez, Framber",2023,HOU,lhp,3.163,3.3,7.8,"$3,000,000 ",,,"$6,800,000 ","$7,000,000 "
"Happ, Ian",2023,CHN,cf,5.036,3.2,7,"$6,850,000 ",,,"$10,850,000 ","$11,750,000 "
"Hoerner, Nico",2023,CHN,2b,3.014,3.2,5.5,"$720,000 ",,,"$2,525,000 ","$4,000,000 "
"Soto, Juan",2023,SDN,lf,4.134,3.1,22.5,"$17,100,000 ",,,"$23,000,000 ","$23,500,000 "
"Bichette, Bo",2023,TOR,ss,3.063,3.1,8.4,"$723,550 ","$7,500,000 ","$5,000,000 ",3 y/$33.6M ext,"$5,750,000 "
"Hernández, Teoscar",2023,SEA,lf,5.097,3,12.5,"$10,650,000 ","$16,000,000 ","$14,000,000 ","$14,000,000 ","$15,000,000 "
"Torres, Gleyber",2023,NYA,ss,4.162,2.9,11.7,"$6,250,000 ","$10,200,000 ","$9,700,000 ","$9,950,000 ","$9,500,000 "
"Mullins, Cedric",2023,BAL,cf,3.078,2.9,8.5,"$716,500 ",,,"$4,100,000 ","$5,000,000 "
"Singer, Brady",2023,KCA,rhp-s,2.156,2.9,5.3,"$726,250 ","$3,325,000 ","$2,950,000 ","$2,950,000 ","$3,750,000 "
"Rodgers, Brendan",2023,COL,ss,3.075,2.9,4.7,"$710,000 ",,,"$2,700,000 ","$3,750,000 "
"Rosario, Amed",2023,CLE,ss-of,5.062,2.8,6.2,"$4,950,000 ",,,"$7,800,000 ","$9,000,000 "
"Varsho, Daulton",2023,TOR,c,2.128,2.8,4.2,"$721,700 ",,,"$3,050,000 ","$2,550,000 "
"Webb, Logan",2023,SFN,rhp-s,3.044,2.7,7.6,"$730,000 ",,,"$4,600,000 ","$4,500,000 "
"Edman, Tommy",2023,SLN,2b,3.114,2.7,7.3,"$722,900 ",,,"$4,200,000 ","$4,100,000 "
"Lowe, Nathaniel",2023,TEX,1b,2.145,2.7,3.2,"$716,000 ",,,"$4,050,000 ","$2,500,000 "
"Hoskins, Rhys",2023,PHI,1b,5.053,2.6,13.3,"$7,700,000 ",,,"$12,000,000 ","$11,000,000 "
"Renfroe, Hunter",2023,ANA,rf,5.165,2.6,11.3,"$7,650,000 ","$11,900,000 ","$11,250,000 ","$11,900,000 ","$10,750,000 "
"López, Pablo",2023,MIA,rhp-s,4.093,2.6,8.9,"$2,450,000 ",,,"$5,450,000 ","$5,250,000 "
"Urias, Julio",2023,LAN,lhp-s,5.117,2.6,8.7,"$8,000,000 ",,,"$14,250,000 ","$13,000,000 "
"France, Ty",2023,SEA,3b,3.089,2.6,7,"$734,500 ",,,"$4,100,000 ","$4,000,000 "
"Cortes, Nestor",2023,NYA,lhp-s,3.094,2.6,3.6,"$727,500 ",,,"$3,200,000 ","$2,100,000 "
"Springs, Jeffrey",2023,TBA,lhp,4.055,2.5,4.1,"$947,500 ","$3,550,000 ","$2,700,000 ",4 y/$31M extn,"$2,350,000 "
"Adames, Willy",2023,MIL,ss,4.105,2.4,9,"$4,600,000 ",,,"$8,700,000 ","$9,000,000 "
"Hays, Austin",2023,BAL,lf,3.057,2.4,6.1,"$713,000 ",,,"$3,200,000 ","$3,750,000 "
"Gonsolin, Tony",2023,LAN,rhp-s,2.152,2.4,4.2,"$720,000 ","$3,400,000 ","$3,000,000 ",2 y/$6.65 extn,"$3,000,000 "
"Rengifo, Luis",2023,ANA,2b,3.043,2.4,4.1,,"$2,300,000 ","$2,000,000 ","$2,300,000 ","$2,100,000 "
"Urshela, Giovanny",2023,ANA,3b,5.127,2.2,8.6,"$6,550,000 ","$10,000,000 ","$8,400,000 ",,"$8,450,000 "
"Arozarena, Randy",2023,TBA,lf,2.129,2.2,4.9,"$716,600 ",,,"$4,150,000 ","$3,600,000 "
"Tellez, Rowdy",2023,MIL,1b,4.004,2.2,3.9,"$1,940,000 ",,,"$4,950,000 ","$3,750,000 "
"Cronenworth, Jake",2023,SDN,lf-rhp,3,2.1,5.3,"$757,200 ",,,"$4,225,000 ","$4,000,000 "
"Sandoval, Patrick",2023,ANA,lhp,2.149,2,4.2,"$720,000 ",,,"$2,750,000 ","$2,250,000 "
"Verdugo, Alex",2023,BOS,of,4.078,1.9,7.3,"$3,550,000 ",,,"$6,300,000 ","$5,500,000 "
"Jansen, Danny",2023,TOR,c,4.05,1.9,6.1,"$1,950,000 ",,,"$3,500,000 ","$4,000,000 "
"Minter, A.J.",2023,ATL,lhp,4.154,1.9,4.9,"$2,200,000 ",,,"$4,287,500 ","$4,500,000 "
"Nido, Tomás",2023,NYN,c,4.089,1.9,4.2,"$890,000 ",,,"$1,575,000 ","$2,000,000 "
"Thomas, Lane",2023,WAS,rf,3.014,1.9,3.4,"$723,600 ",,,"$2,200,000 ","$1,650,000 "
"Estrada, Thairo",2023,SFN,2b-ss,2.169,1.9,2.9,"$715,000 ",,,"$2,250,000 ","$1,400,000 "
"Urías, Luis",2023,MIL,2b-ss,3.12,1.8,4.7,"$2,550,000 ",,,"$4,700,000 ","$3,500,000 "
"Higashioka, Kyle",2023,NYA,c,4.005,1.8,4.6,"$935,000 ",,,"$1,462,500 ","$1,800,000 "
"Williams, Devin",2023,MIL,rhp,3.056,1.8,4.5,"$714,500 ",,,"$3,350,000 ","$3,000,000 "
"Lúzardo, Jesus",2023,MIA,lhp-s,2.165,1.8,3.2,"$715,000 ","$2,450,000 ","$2,100,000 ","$2,450,000 ","$2,000,000 "
"Helsley, Ryan",2023,SLN,rhp,3.105,1.8,2.3,"$722,450 ","$3,000,000 ","$2,150,000 ","$2,150,000 ","$2,000,000 "
"Caratini, Victor",2023,MIL,c,5.051,1.7,3.6,"$2,000,000 ",,,"$2,800,000 ","$3,400,000 "
"Yastrzemski, Mike",2023,SFN,of,3.128,1.6,7.4,"$3,700,000 ",,,"$6,100,000 ","$6,250,000 "
"Barlow, Scott",2023,KCA,rhp,4.03,1.6,4.8,"$2,400,000 ",,,"$5,300,000 ","$4,200,000 "
"Alvarado, José",2023,PHI,lhp,5.082,1.6,4.3,"$1,900,000 ","$3,700,000 ","$3,200,000 ","$3,450,000 ","$3,500,000 "
"Pivetta, Nick",2023,BOS,rhp-s,4.166,1.5,10.4,"$2,650,000 ",,,"$5,350,000 ","$5,250,000 "
"Mahle, Tyler",2023,MIN,rhp-s,5.018,1.5,8.6,"$5,200,000 ",,,"$7,500,000 ","$8,000,000 "
"Kemp, Tony",2023,OAK,2b-of,5.098,1.5,5.5,"$2,225,000 ",,,"$3,725,000 ","$3,500,000 "
"Jiménez, Joe",2023,ATL,rhp,5.061,1.5,3.8,"$1,790,000 ",,,"$2,765,000 ","$3,000,000 "
"Thielbar, Caleb",2023,MIN,lhp,4.131,1.5,3.8,"$1,300,000 ",,,"$2,400,000 ","$2,950,000 "
"Phillips, Evan",2023,LAN,rhp,2.136,1.5,2.5,"$720,000 ",,,"$1,300,000 ","$1,250,000 "
"Adam, Jason",2023,TBA,rhp,2.132,1.5,2.2,"$900,000 ","$1,775,000 ","$1,550,000 ","$1,775,000 ","$1,750,000 "
"Robles, Victor",2023,WAS,cf,4.033,1.4,5.8,"$1,650,000 ","$2,600,000 ","$2,300,000 ",1 y/$2.325+opt,"$3,900,000 "
"Espinal, Santiago",2023,TOR,2b,2.149,1.4,4.3,"$718,000 ",,,"$2,100,000 ","$2,300,000 "
"Naylor, Josh",2023,CLE,lf-1b,3.127,1.4,2.4,"$1,200,000 ",,,"$3,350,000 ","$2,850,000 "
"Guillorme, Luis",2023,NYN,inf,3.167,1.4,2.1,"$875,000 ",,,"$1,600,000 ","$1,500,000 "
"Kiner-Falefa, Isiah",2023,NYA,ss,5,1.3,5.9,"$4,700,000 ",,,"$6,000,000 ","$6,250,000 "
"Luplow, Jordan",2023,ARI,of,4.108,1.3,4.3,"$1,400,000 ",,non-tendered,,"$2,750,000 "
"Pagán, Emilio",2023,MIN,rhp,5.091,1.3,4.2,"$2,300,000 ",,,"$3,500,000 ","$4,250,000 "
"López, Reynaldo",2023,CHA,rhp-s,5.004,1.3,2.4,"$2,625,000 ",,,"$3,625,000 ","$3,600,000 "
"King, Michael",2023,NYA,rhp,3.004,1.3,2.2,"$722,500 ",,,"$1,300,000 ","$1,900,000 "
"Swanson, Erik",2023,TOR,rhp,3.096,1.3,2.1,"$711,600 ",,,"$1,250,000 ","$1,600,000 "
"Junis, Jakob",2023,SFN,rhp-s,5.002,1.2,5,,,,"$2,800,000 ","$4,150,000 "
"Sewald, Paul",2023,SEA,rhp,4.072,1.2,4.3,"$1,735,000 ",,,"$4,100,000 ","$3,400,000 "
"Romano, Jordan",2023,TOR,rhp,3.051,1.2,3.3,"$728,400 ",,,"$4,537,500 ","$3,500,000 "
"Farmer, Kyle",2023,MIN,inf,4.129,1.2,2.9,"$3,155,000 ",,,"$5,585,000 ","$4,655,000 "
"Finnegan, Kyle",2023,WAS,rhp,3,1.2,2.4,"$725,900 ",,,"$2,325,000 ","$2,100,000 "
"Keller, Mitch",2023,PIT,rhp,3.026,1.2,2.3,"$725,000 ",,,"$2,437,500 ","$2,000,000 "
"Giolito, Lucas",2023,CHA,rhp-s,5.08,1.1,9.2,"$7,450,000 ",,,"$10,400,000 ","$10,450,000 "
"Anderson, Brian",2023,MIA,3b,5.031,1.1,8.4,"$4,475,000 ",,non-tendered,,"$6,750,000 "
"Scott, Tanner",2023,MIA,lhp,4.059,1.1,4.2,"$1,050,000 ",,,"$2,825,000 ","$2,000,000 "
"Berti, Jon",2023,MIA,3b,3.168,1.1,3.2,"$1,200,000 ","$2,300,000 ","$1,900,000 ",1 y/$2.125+opt,"$2,450,000 "
"Civale, Aaron",2023,CLE,rhp,3.058,1.1,2.8,"$716,900 ",,,"$2,600,000 ","$2,150,000 "
"Tate, Dillon",2023,BAL,rhp,3.048,1.1,2.1,"$711,500 ",,,"$1,500,000 ","$915,000 "
"Senzel, Nick",2023,CIN,of-3b,3.15,1.1,2.1,"$1,250,000 ",,,"$1,950,000 ","$2,300,000 "
"Rojas, Josh",2023,ARI,2b,2.152,1.1,1.8,"$730,900 ","$2,900,000 ","$2,575,000 ","$2,575,000 ","$1,500,000 "
"Richards, Trevor",2023,TOR,rhp-s,4.084,1,4.3,"$1,000,000 ",,,"$1,500,000 ","$2,400,000 "
"Brubaker, JT",2023,PIT,rhp,3,1,3.5,"$725,000 ",,,"$2,275,000 ","$2,150,000 "
"Ramirez, Harold",2023,TBA,of,3.124,1,3.5,"$728,000 ","$2,200,000 ","$1,900,000 ","$2,200,000 ","$2,250,000 "
"Moore, Dylan",2023,SEA,3b,4,1,3,"$1,350,000 ","$2,250,000 ","$1,900,000 ",3 y/$8.875 extn,"$2,250,000 "
"Karinchak, James",2023,CLE,rhp,2.169,1,2.9,"$714,500 ",,,"$1,500,000 ","$2,000,000 "
"Holmes, Clay",2023,NYA,rhp,4.031,1,2.9,"$1,100,000 ",,,"$3,300,000 ","$3,200,000 "
"Domínguez, Seranthony",2023,PHI,rhp,4.131,1,2.6,"$727,500 ","$2,900,000 ","$2,100,000 ",2 y/$7.25 extn,"$2,250,000 "
"Armstrong, Shawn",2023,TBA,rhp,4.113,1,2.5,"$1,000,000 ",,,"$1,200,000 ","$2,950,000 "
"Beeks, Jalen",2023,TBA,lhp,4.07,1,1.8,"$750,000 ",,,"$1,375,000 ","$2,400,000 "
"Kelly, Carson",2023,ARI,c,4.161,0.9,6.2,"$3,325,000 ",,,"$4,275,000 ","$4,500,000 "
"Garver, Mitch",2023,TEX,c,5.045,0.9,6,"$3,335,000 ",,,"$3,900,000 ","$5,000,000 "
"Maton, Phil",2023,HOU,rhp,5.047,0.9,4.6,"$1,550,000 ",,,"$2,550,000 ","$2,850,000 "
"Lauer, Eric",2023,MIL,lhp,4.033,0.9,4.6,"$2,425,000 ",,,"$5,075,000 ","$4,000,000 "
"Slater, Austin",2023,SFN,of,4.147,0.9,2.9,"$1,850,000 ",,,"$3,200,000 ","$2,750,000 "
"Madrigal, Nick",2023,CHN,2b,2.164,0.9,2.2,"$716,500 ",,,"$1,225,000 ","$1,750,000 "
"Hicks, Jordan",2023,SLN,rhp-s,5,0.9,1.8,"$937,500 ",,,"$1,837,500 ","$1,800,000 "
"Mateo, Jorge",2023,BAL,rf,3,0.9,1.3,"$709,500 ",,,"$2,000,000 ","$1,250,000 "
"Laureano, Ramon",2023,OAK,cf,3.165,0.8,9.4,"$2,046,154 ",,,"$3,550,000 ","$4,000,000 "
"Wendle, Joey",2023,MIA,3b-2b,5.088,0.8,7.2,"$4,550,000 ",,,"$6,000,000 ","$7,000,000 "
"Montgomery, Jordan",2023,SLN,lhp-s,5.153,0.8,4.7,"$6,000,000 ",,,"$10,000,000 ","$9,500,000 "
"Edwards Jr., Carl",2023,WAS,rhp,5.169,0.8,4.5,,,,"$2,250,000 ","$1,500,000 "
"Grisham, Trent",2023,SDN,cf,3.06,0.8,4.4,"$729,300 ",,,"$3,175,000 ","$2,100,000 "
"Stanek, Ryne",2023,HOU,rhp,5.038,0.8,3.8,"$2,100,000 ",,,"$3,600,000 ","$3,500,000 "
"Newman, Kevin",2023,CIN,2b,4.046,0.8,3.5,"$1,950,000 ",,,"$2,662,500 ","$3,500,000 "
"Quantrill, Cal",2023,CLE,rhp-s,3.132,0.8,3,"$2,510,000 ",,,"$5,550,000 ","$5,000,000 "
"Kopech, Michael",2023,CHA,rhp,3.041,0.8,2.8,"$730,000 ",,,"$2,050,000 ","$1,750,000 "
"Lopez, Jorge",2023,MIN,rhp,4.102,0.8,2.6,"$1,500,000 ",,,"$3,525,000 ","$2,900,000 "
"Fairbanks, Pete",2023,TBA,rhp,3.057,0.8,2.6,"$714,400 ","$1,900,000 ","$1,500,000 ",,"$1,400,000 "
"Vargas, Ildemaro",2023,WAS,ss,3.007,0.8,2.6,,,,"$975,000 ","$1,250,000 "
"Aquíno, Aristides",2023,CIN,rf,3.003,0.8,2.1,"$720,000 ",,non-tendered,,"$1,350,000 "
"Brasier, Ryan",2023,BOS,rhp,5.109,0.8,2,"$1,400,000 ",,,"$2,000,000 ","$2,500,000 "
"Underwood, Duane",2023,PIT,rhp,3.044,0.8,1.9,"$725,000 ",,,"$1,025,000 ","$1,300,000 "
"Urquidy, José",2023,HOU,rhp-s,3.049,0.8,1.8,"$748,700 ",,,"$3,025,000 ","$2,100,000 "
"Clarke, Taylor",2023,KCA,rhp,3.12,0.8,1.8,"$975,000 ",,,"$1,150,000 ","$1,700,000 "
"Milner, Hoby",2023,MIL,lhp,3.068,0.8,1.8,"$705,100 ",,,"$1,025,000 ","$1,250,000 "
"Farmer, Buck",2023,CIN,rhp,5.14,0.8,1.6,"$850,000 ",,,"$1,750,000 ","$1,250,000 "
"Graterol, Brusdar",2023,LAN,rhp,2.167,0.8,1.5,"$720,000 ",,,"$1,225,000 ","$1,200,000 "
"Smith, Drew",2023,NYN,rhp,4.034,0.8,1.3,"$750,000 ",,,"$1,300,000 ","$1,400,000 "
"Castro, Willi",2023,DET,ss,3.017,0.8,0.9,,,non-tendered,,"$1,100,000 "
"Buehler, Walker",2023,LAN,rhp-s,4.168,0.7,13.7,"$7,250,000 ",,,"$8,025,000 ","$8,000,000 "
"Lopez, Nicky",2023,KCA,2b,3.139,0.7,5.7,"$2,550,000 ",,,"$3,700,000 ","$3,550,000 "
"Castillo, Diego",2023,SEA,rhp,4.118,0.7,5.2,"$2,150,000 ","$3,225,000 ","$2,950,000 ","$2,950,000 ","$3,500,000 "
"Vogelbach, Daniel",2023,NYN,1b,4.138,0.7,3.5,"$800,000 ",,,,"$2,600,000 "
"Mayza, Tim",2023,TOR,lhp,3.156,0.7,3.2,"$1,250,000 ",,,"$2,100,000 ","$2,350,000 "
"García, Jarlín",2023,SFN,lhp,5.114,0.7,3,"$1,725,000 ",,non-tendered,,"$2,750,000 "
"Peralta, Wandy",2023,NYA,lhp,5.168,0.7,2.6,"$2,150,000 ",,,"$3,350,000 ","$3,250,000 "
"Cimber, Adam",2023,TOR,rhp,4.156,0.7,2.6,"$1,575,000 ",,,"$3,150,000 ","$2,850,000 "
"Wade, LaMonte",2023,SFN,lf,3.035,0.7,2.1,"$730,000 ",,,"$1,375,000 ","$1,300,000 "
"Wick, Rowan",2023,CHN,rhp,3.114,0.7,1.7,"$724,000 ",,,"$1,550,000 ","$1,000,000 "
"Keller, Brad",2023,KCA,rhp,5,0.7,1.6,"$4,825,000 ",,,"$5,775,000 ","$6,000,000 "
"Arano, Victor",2023,WAS,rhp,3.022,0.7,1.6,"$900,000 ",,,"$925,000 ","$1,150,000 "
"Thompson, Trayce",2023,LAN,of,3.01,0.7,1,,,,"$1,450,000 ","$1,400,000 "
"Harvey, Hunter",2023,WAS,rhp,3.047,0.7,0.9,,,,"$870,000 ","$875,000 "
"Refsnyder, Rob",2023,BOS,2b-of,4.048,0.7,0.7,,,,"$1,200,000 ","$1,250,000 "
"Montas, Frankie",2023,NYA,rhp-s,5.015,0.6,8,"$5,025,000 ",,,"$7,500,000 ","$7,025,000 "
"O'Neill, Tyler",2023,SLN,lf,4.059,0.6,6,"$3,400,000 ",,,"$4,950,000 ","$4,500,000 "
"Floro, Dylan",2023,MIA,rhp,5.053,0.6,3.4,"$3,000,000 ",,,"$3,900,000 ","$3,800,000 "
"Luetge, Lucas",2023,ATL,lhp,4.015,0.6,2.4,"$905,000 ",,,"$1,550,000 ","$1,950,000 "
"Arroyo, Christian",2023,BOS,3b,4.036,0.6,2,"$1,200,000 ",,,"$2,000,000 ","$3,000,000 "
"Oretga, Rafael",2023,CHN,lf,2.145,0.6,1.7,"$738,500 ",,non-tendered,,"$1,500,000 "
"Gott, Trevor",2023,MIL,rhp,4.057,0.6,1.3,"$725,000 ",,non-tendered,,"$1,900,000 "
"Poche, Colin",2023,TBA,lhp,3.109,0.6,1.3,,"$1,300,000 ","$1,175,000 ","$1,175,000 ","$1,600,000 "
"Ruiz, José",2023,CHA,rhp,3.048,0.6,1,"$720,000 ",,,"$925,000 ","$1,300,000 "
"Santana, Dennis",2023,ATL,rhp,3.095,0.6,0.8,"$720,000 ",,,"$1,000,000 ","$1,250,000 "
"Garcia, Aramis",2023,BAL,c,3.036,0.6,0.8,"$700,000 ",,outrighted,,"$1,250,000 "
"Voth, Austin",2023,BAL,rhp,3.127,0.6,0.8,"$875,000 ","$2,000,000 ","$1,700,000 ","$1,850,000 ","$1,550,000 "
"Blackburn, Paul",2023,OAK,rhp,3.018,0.6,0.4,"$710,000 ",,,"$1,900,000 ","$1,200,000 "
"Bellinger, Cody",2023,LAN,1b-of,5.16,0.5,15.3,"$17,000,000 ",,non-tendered,,"$18,250,000 "
"Meadows, Austin",2023,DET,rf,4.074,0.5,4.5,"$4,000,000 ",,,"$4,300,000 ","$4,500,000 "
"Nola, Austin",2023,SDN,c,3.106,0.5,3.6,"$726,900 ",,,"$2,350,000 ","$2,250,000 "
"Bush, Matt",2023,MIL,rhp,4.132,0.5,3.5,"$825,000 ",,,"$1,850,000 ","$1,800,000 "
"Cooper, Garrett",2023,MIA,rf-1b,5.053,0.5,2.8,"$2,500,000 ",,,"$4,200,000 ","$3,250,000 "
"Thompson, Ryan",2023,TBA,rhp,3,0.5,1.6,,"$1,200,000 ","$1,000,000 ","$1,000,000 ","$1,400,000 "
"Toro, Abraham",2023,MIL,3b,2.149,0.5,1.5,"$730,300 ",,,"$1,250,000 ","$1,250,000 "
"Almonte, Yency",2023,LAN,rhp,3.143,0.5,1.4,,,,"$1,500,000 ","$1,600,000 "
"Garlick, Kyle",2023,MIN,rf,2.163,0.5,1.1,,,,"$750,000 ","$1,000,000 "
"Barría, Jaime",2023,ANA,rhp,3.035,0.5,0.4,"$730,000 ",,,"$1,050,000 ","$1,000,000 "
"Hader, Josh",2023,SDN,rhp-c,5.115,0.4,9.6,"$11,000,000 ",,,"$14,100,000 ","$12,750,000 "
"Lamet, Dinelson",2023,COL,rhp-s,5.07,0.4,7.5,"$4,775,000 ",,,"$5,000,000 ","$5,500,000 "
"Stallings, Jacob",2023,MIA,c,4.149,0.4,5.5,"$2,450,000 ",,,"$3,350,000 ","$3,750,000 "
"Germán, Domingo",2023,NYA,rhp-s,4.017,0.4,5.4,"$1,750,000 ",,,"$2,600,000 ","$2,350,000 "
"Garrett, Amir",2023,KCA,lhp,5.099,0.4,4.4,"$2,025,000 ",,,"$2,650,000 ","$2,725,000 "
"Trivino, Lou",2023,NYA,rhp,4.163,0.4,3.9,"$3,000,000 ",,,"$4,100,000 ","$3,600,000 "
"Brebbia, John",2023,SFN,rhp,5.078,0.4,3.2,"$837,500 ",,,"$2,300,000 ","$1,500,000 "
"Tapia, Raimel",2023,TOR,of,5.02,0.4,2.1,"$3,950,000 ",,non-tendered,,"$5,000,000 "
"Rainey, Tanner",2023,WAS,rhp,3.127,0.4,2,"$860,000 ",,,"$1,500,000 ","$1,500,000 "
"Sulser, Cole",2023,ARI,rhp,3.028,0.4,1.7,"$711,000 ",,,"$825,000 ","$1,000,000 "
"Kinley, Tyler",2023,COL,rhp,4.014,0.4,1.6,"$1,025,000 ",,,,"$1,400,000 "
"Martin, Brett",2023,TEX,lhp,3.151,0.4,1.6,"$1,025,000 ",,,"$1,275,000 ","$1,350,000 "
"Staumont, Josh",2023,KCA,rhp,3.072,0.4,1.5,"$728,000 ",,,"$1,025,000 ","$975,000 "
"Littell, Zack",2023,SFN,rhp,3.067,0.4,1.5,"$730,000 ",,outrighted,,"$975,000 "
"Soto, Gregory",2023,PHI,lhp,3.102,0.4,1.4,"$722,400 ",,,"$3,925,000 ","$950,000 "
"Bethancourt, Christian",2023,TBA,c-lf,3.038,0.4,0.9,,,,"$1,350,000 ","$1,000,000 "
"García, Rony",2023,DET,rhp,2.138,0.4,0.1,"$704,800 ",,,"$830,000 ","$895,000 "
"Suter, Brent",2023,COL,lhp,5.161,0.3,4.1,"$2,700,000 ",,,"$3,000,000 ","$3,500,000 "
"Loáisiga, Jonathan",2023,NYA,rhp,4.022,0.3,2.9,"$1,650,000 ",,,"$2,262,500 ","$3,000,000 "
"Cessa, Luis",2023,CIN,rhp,5.131,0.3,2.5,"$1,800,000 ",,,"$2,650,000 ","$2,750,000 "
"May, Dustin",2023,LAN,rhp,3.059,0.3,2.5,"$730,000 ",,,"$1,675,000 ","$1,800,000 "
"Ferguson, Caleb",2023,LAN,lhp,4.088,0.3,2.3,"$762,500 ",,,"$1,100,000 ","$1,500,000 "
"Hoffman, Jeff",2023,CIN,rhp-s,4.105,0.3,2,"$925,000 ",,non-tendered,,"$1,750,000 "
"Toussaint, Touki",2023,ANA,rhp,2.135,0.3,1.9,,,non-tendered,,"$950,000 "
"Pruitt, Austin",2023,OAK,rhp,4.055,0.3,1.4,,,outrighted,,"$1,275,000 "
"Mendick, Danny",2023,CHA,ss,2.168,0.3,1.2,"$714,000 ",,non-tendered,,"$1,100,000 "
"Young, Alex",2023,SFN,lhp-s,2.143,0.3,0.9,,,non-tendered,,"$900,000 "
"Gustave, Jandel",2023,MIL,rhp,4.027,0.3,0.7,"$700,000 ",,non-tendered,,"$975,000 "
"Brigham, Jeff",2023,NYN,rhp,3.01,0.3,0.7,,,,"$760,000 ","$1,000,000 "
"Cave, Jake",2023,BAL,of,3.137,0.3,0.2,"$800,000 ",,,,"$875,000 "
"Hiura, Keston",2023,MIL,2b,3.009,0.3,0,"$705,100 ",,,"$2,200,000 ","$1,400,000.00 "
"Paddack, Chris",2023,MIN,rhp-s,4,0.2,5.8,"$2,250,000 ",,,"$2,400,000 ","$3,250,000 "
"Weaver, Luke",2023,SEA,rhp,5.112,0.2,5.5,"$2,875,000 ",,non-tendered,,"$3,275,000 "
"Voit, Luke",2023,WAS,1b,4.169,0.2,4.8,"$5,450,000 ",,non-tendered,,"$6,500,000 "
"Candelario, Jeimer",2023,DET,3b,5.038,0.2,4.5,"$5,800,000 ",,non-tendered,,"$6,350,000 "
"Stratton, Chris",2023,SLN,rhp-s,5.1,0.2,4.4,"$2,700,000 ",,,"$2,800,000 ","$3,000,000 "
"Stephenson, Robert",2023,PIT,rhp,5.049,0.2,3.2,"$1,280,000 ",,,"$1,750,000 ","$1,500,000 "
"Maile, Luke",2023,CLE,c,5.148,0.2,3.1,"$900,000 ",,non-tendered,,"$1,600,000 "
"Kittredge, Andrew",2023,TBA,rhp,4.07,0.2,2.9,"$1,850,000 ",,,"$2,075,000 ","$2,500,000 "
"Moronta, Reyes",2023,ARI,rhp,4.111,0.2,2.6,,,non-tendered,,"$1,900,000 "
"Cisnero, José",2023,DET,rhp,5.02,0.2,2,"$1,900,000 ",,,"$2,287,500 ","$2,150,000 "
"Crick, Kyle",2023,CHA,rhp,5.027,0.2,1.9,"$1,250,000 ",,outrighted,,"$1,500,000 "
"Law, Derek",2023,CIN,rhp,3.081,0.2,1.9,,,non-tendered,,"$1,250,000 "
"Chargois, JT",2023,MIA,rhp,3.101,0.2,1.9,"$710,500 ",,,"$850,000 ","$1,500,000 "
"Rogers, Tyler",2023,SFN,rhp,3.034,0.2,1.9,"$730,000 ",,,"$1,675,000 ","$1,200,000 "
"Hernández, Jonathan",2023,TEX,rhp,3.041,0.2,1,"$720,000 ",,,"$995,000 ","$990,000 "
"Thornton, Trent",2023,TOR,rhp-s,3.073,0.2,0.9,"$850,000 ",,,"$1,000,000 ","$1,050,000 "
"Stashak, Cody",2023,MIN,rhp,3.064,0.2,0.8,"$720,400 ",,outrighted,,"$980,000 "
"Morejon, Adrian",2023,SDN,lhp,3.013,0.2,0.8,"$704,500 ",,,"$800,000 ","$980,000 "
"Sampson, Adrian",2023,CHN,rhp,2.117,0.2,0.7,,,,"$1,900,000 ",
"Brosseau, Mike",2023,MIL,3b,3.031,0.2,0.7,"$706,300 ",,,"$1,400,000 ","$1,000,000 "
"Gose, Anthony",2023,CLE,lhp,3.139,0.2,0.3,"$702,900 ",,non-tendered,,"$900,000 "
"Castro, Harold",2023,DET,3b,3.141,0.2,0.3,"$1,275,000 ",,non-tendered,,"$1,425,000 "
"Flaherty, Jack",2023,SLN,rhp-s,5.006,0.1,11,"$5,000,000 ",,,"$5,400,000 ","$5,250,000 "
"Heredia, Guillermo",2023,ATL,of,5.112,0.1,4.8,"$1,000,000 ",,non-tendered,,"$1,250,000 "
"Biggio, Cavan",2023,TOR,2b,3.129,0.1,3.6,"$2,112,500 ",,,"$2,800,000 ","$3,000,000 "
"McGuire, Reese",2023,BOS,c,3.027,0.1,2.8,"$722,400 ",,,"$1,225,000 ","$2,050,000 "
"Mondesi, Adalberto",2023,KCA,ss,5.088,0.1,2.8,"$3,000,000 ",,,"$3,045,000 ","$3,100,000 "
"Andújar, Miguel",2023,PIT,3b,4.002,0.1,2.7,,,,"$1,525,000 ","$2,250,000 "
"Suárez, Ranger",2023,PHI,lhp-s,3.112,0.1,2.6,"$730,000 ",,,"$2,950,000 ","$2,600,000 "
"Hill, Tim",2023,SDN,lhp,4.112,0.1,2.6,"$1,325,000 ",,,"$1,850,000 ","$1,525,000 "
"Gallagher, Cam",2023,BAL,c,4.073,0.1,2.5,"$885,000 ",,outrighted,,"$1,150,000 "
"Dubón, Mauricio",2023,HOU,ss,2.162,0.1,2.5,"$715,000 ",,,"$1,400,000 ","$1,400,000 "
"Chirinos, Yonny",2023,TBA,rhp-s,4.137,0.1,2.4,"$1,175,000 ",,,"$1,275,000 ","$1,300,000 "
"Murphy, Tom",2023,SEA,c,5.092,0.1,2.3,"$1,575,000 ",,,"$1,625,000 ","$1,825,000 "
"Alexander, Scott",2023,SFN,lhp,5.08,0.1,2.3,,,,"$1,200,000 ","$1,000,000 "
"Hampson, Garrett",2023,COL,2b-ss,4.03,0.1,2,"$1,862,500 ",,non-tendered,,"$2,000,000 "
"Perdomo, Luis",2023,MIL,rhp,5.034,0.1,1.9,,,non-tendered,,"$1,250,000 "
"Sosa, Edmundo",2023,PHI,ss,2.14,0.1,1.9,"$715,600 ",,,"$950,000 ","$1,250,000 "
"Brault, Steven",2023,CHN,lhp-s,4.167,0.1,1.7,,,outrighted,,"$1,200,000 "
"Lewis, Kyle",2023,ARI,of,2.146,0.1,1.6,"$757,900 ",,,"$1,610,000 ","$1,150,000 "
"Locastro, Tim",2023,NYA,2b-of,3.122,0.1,1.6,,,outrighted,,"$1,350,000 "
"Plesac, Zach",2023,CLE,rhp,3.086,0.1,1,"$2,000,000 ",,,"$2,950,000 ","$2,500,000 "
"Borucki, Ryan",2023,SEA,lhp-s,4.066,0.1,0.8,"$825,000 ",,,,"$900,000 "
"Middleton, Keynan",2023,ARI,rhp,5.023,0.1,0.7,,,outrighted,,"$900,000 "
"Munoz, Yairo",2023,PHI,ss,3.003,0.1,0.7,,,outrighted,,"$900,000 "
"Wallach, Chad",2023,ANA,c,3.03,0.1,0.4,,,outrighted,,"$815,000 "
"Chang, Yu-Cheng",2023,BOS,ss,3.007,0.1,0.4,"$705,400 ",,non-tendered,,"$825,000 "
"Blach, Ty",2023,COL,lhp-s,3.007,0.1,-0.1,"$750,000 ",,,,"$780,000 "
"Cordero, Franchy",2023,BOS,cf-rf,4.092,0.1,-0.5,,,non-tendered,,"$1,000,000 "
"Matzek, Tyler",2023,ATL,lhp,4.019,0,3,"$1,400,000 ",,2 y/$3.1M extn,,"$2,250,000 "
"Sims, Lucas",2023,CIN,rhp,4.014,0,3,"$1,200,000 ",,,"$1,267,500 ","$1,650,000 "
"Coulombe, Daniel",2023,MIN,lhp,4.008,0,2.8,"$979,500 ",,outrighted,,"$1,450,000 "
"Davis, J.D.",2023,SFN,3b,4.137,0,2.3,"$2,760,000 ",,,"$4,210,000 ","$3,000,000 "
"Hernandez, Elieser",2023,NYN,rhp,4.051,0,2,"$1,325,000 ",,,"$1,600,000 ","$1,625,000 "
"Adams, Austin L.",2023,SDN,rhp,4.015,0,1.7,"$925,000 ",,outrighted,,"$1,350,000 "
"Alcala, Jorge",2023,MIN,rhp,3.014,0,1.4,"$717,900 ",,,"$790,000 ","$980,000 "
"Bracho, Silvino",2023,ATL,rhp,3.099,0,1.1,,,non-tendered,,"$900,000 "
"Coonrod, Sam",2023,PHI,rhp,3.078,0,1.1,"$717,500 ",,,"$775,000 ","$900,000 "
"Diaz, Miguel",2023,DET,rhp,2.132,0,1,,,non-tendered,,"$835,000 "
"Castillo, José",2023,SDN,lhp,3.125,0,0.9,,,,"$730,000 ","$845,000 "
"Quinn, Roman",2023,TBA,of,4.035,0,0.9,,,outrighted,,"$900,000 "
"Cotton, Jharel",2023,SFN,rhp-s,3.162,0,0.6,"$700,000 ",,outrighted,,"$925,000 "
"Taylor, Blake",2023,HOU,lhp,3,0,0.3,"$731,800 ",,,"$830,000 ","$875,000 "
"Ríos, Edwin",2023,LAN,3b,3.003,0,0,"$730,000 ",,non-tendered,,"$1,000,000 "
"Knizner, Andrew",2023,SLN,c,3.021,0,-0.5,"$718,300 ",,,"$1,100,000 ","$925,000 "
"Reyes, Franmil",2023,CHN,rf,4.115,-0.1,4.4,"$4,550,000 ",,outrighted,,"$5,250,000 "
"Smith, Caleb",2023,ARI,lhp-s,5.077,-0.1,2.6,"$2,000,000 ",,non-tendered,,"$2,500,000 "
"Gomber, Austin",2023,COL,lhp,3.111,-0.1,2.1,"$710,000 ",,,"$1,650,000 ","$1,250,000 "
"Cabrera, Génesis",2023,SLN,lhp,3.011,-0.1,1.1,"$719,200 ","$1,150,000 ","$950,000 ","$950,000 ","$1,100,000 "
"Zimmer, Bradley",2023,TOR,of,4.077,-0.1,1,"$1,300,000 ",,non-tendered,,"$1,450,000 "
"Smith, Dominic",2023,NYN,1b,4.081,-0.1,0,"$3,950,000 ",,non-tendered,,"$4,100,000 "
"Hearn, Taylor",2023,TEX,lhp,3.125,-0.1,-0.2,"$1,050,000 ",,,"$1,462,500 ","$1,300,000 "
"Houser, Adrian",2023,MIL,rhp-s,4.01,-0.2,4,"$2,425,000 ",,,"$3,600,000 ","$2,925,000 "
"Alfaro, Jorge",2023,SDN,c,5.083,-0.2,3.1,"$2,725,000 ",,non-tendered,,"$3,225,000 "
"Mills, Alec",2023,CHN,rhp,3.097,-0.2,2.1,"$741,250 ",,outrighted,,"$800,000 "
"O'Hearn, Ryan",2023,KCA,1b,4.002,-0.2,-0.2,"$1,300,000 ",,,"$1,400,000 ","$1,300,000 "
"Choi, Ji-Man",2023,PIT,1b,5.076,-0.3,2.1,"$3,200,000 ","$5,400,000 ","$4,650,000 ","$4,650,000 ","$3,750,000 "
"Mejía, Francisco",2023,TBA,c,4.062,-0.3,1.6,"$1,455,000 ",,,"$2,155,000 ","$1,655,000 "
"Raley, Luke",2023,TBA,rf,3.045,-0.3,-0.6,,,,,"$760,000 "
"Torrens, Luis",2023,SEA,c,3.091,-0.3,-0.7,"$1,200,000 ",,,,"$1,200,000 "
"Reyes, Victor",2023,DET,rf,4.075,-0.4,0.5,"$1,400,000 ",,outrighted,,"$1,550,000 "
"Yarbrough, Ryan",2023,TBA,lhp-s,4.117,-0.5,1.9,"$3,850,000 ",,non-tendered,,"$4,050,000 "
"Dunn, Justin",2023,CIN,rhp,3.016,-0.5,-1,"$720,000 ",,,"$900,000 ","$775,000 "
"Engel, Adam",2023,CHA,of,5.058,-0.6,1.5,"$2,000,000 ",,non-tendered,,"$2,150,000 "
"Walsh, Jared",2023,ANA,1b-rf,3.01,-0.8,1.4,"$730,000 ",,,"$2,650,000 ","$1,250,000 "
"Bubic, Kris",2023,KCA,lhp-s,2.135,-0.9,-1,"$713,750 ",,,"$2,200,000 ","$1,100,000 "
"Fedde, Erick",2023,WAS,rhp,4.099,-1.2,1.7,"$2,150,000 ",,non-tendered,,"$2,650,000 "
"Hudson, Dakota",2023,SLN,rhp-s,4.062,-1.2,1.4,"$1,050,000 ",,,"$2,650,000 ","$1,750,000 "
"Alexander, Tyler",2023,DET,lhp,3.058,-1.3,-1.2,"$716,900 ",,,"$1,875,000 ","$800,000 "
"Lucchesi, Joey",2023,NYN,lhp-s,4.067,-,4.3,"$1,150,000 ",,,"$1,150,000 ","$1,200,000 "
"Soroka, Mike",2023,ATL,rhp-s,4.122,-,3.1,"$2,800,000 ",,,"$2,800,000 ","$2,800,000 "
"James, Josh",2023,HOU,rhp,3.11,-,2.1,,,non-tendered,,"$875,000 "
"Reyes, Alex",2023,SLN,rhp-s,5.056,-,2,"$2,850,000 ",,non-tendered,,"$2,900,000 "
"Anderson, Nick",2023,TBA,rhp,3.153,-,2,"$845,000 ",,outrighted,,"$850,000 "
"Taylor, Josh",2023,BOS,lhp,3.121,-,1.7,"$1,025,000 ",,,"$1,025,000 ","$1,050,000 "
"Antone, Tejay",2023,CIN,rhp,3,-,1.5,"$720,000 ",,,"$770,000 ","$750,000 "
"Sadler, Casey",2023,SEA,rhp,4.035,-,1.5,"$1,025,000 ",,,,"$1,100,000 "
"Canning, Griffin",2023,ANA,rhp,3.075,-,1.2,"$730,000 ",,,"$850,000 ","$950,000 "
"Curtiss, John",2023,NYN,rhp,3.045,-,1.2,"$700,000 ",,,,"$825,000 "
"Guerra, Deolis",2023,OAK,rhp,4.071,-,1.2,"$815,000 ",,non-tendered,,"$825,000 "
"Heuer, Codi",2023,CHN,rhp,3,-,1,"$734,000 ",,,"$785,000 ","$750,000 "
"Wieck, Brad",2023,CHN,lhp,3.085,-,1,"$717,000 ",,outrighted,,"$755,000 "
"Funkhouser, Kyle",2023,DET,rhp,2.133,-,0.4,"$710,200 ",,non-tendered,,"$735,000 "
"Soto, Juan",2024,SDN,lf,5.134,4.5,29,"$23,000,000 ",,,,"$32,000,000 "
"Gallen, Zac",2024,ARI,rhp-s,4.1,4.5,12.5,"$5,600,000 ",,,,"$12,000,000 "
"Tucker, Kyle",2024,HOU,rf,4.079,4.3,13.9,"$5,000,000 ",,,,"$12,000,000 "
"Guerrero Jr., Vladimir",2024,TOR,1b,4.157,4.2,16.4,"$14,500,000 ",,,,"$21,000,000 "
"Arraez, Luis",2024,MIA,2b,4.121,4.1,13.5,"$6,100,000 ",,,,"$11,000,000 "
"Heim, Jonah",2024,TEX,c,3.097,4,8.2,"$745,660 ",,,,"$4,000,000 "
"Valdez, Framber",2024,HOU,lhp-s,4.163,3.9,14.3,"$6,800,000 ",,,,"$12,500,000 "
"Steele, Justin",2024,CHN,lhp-s,2.143,3.8,6.1,"$740,000 ",,,,"$4,000,000 "
"García, Adolis",2024,TEX,rf,3.095,3.7,9.9,"$747,760 ",,,,"$5,250,000 "
"Gilbert, Logan",2024,SEA,rhp-s,2.144,3.7,6.6,"$767,300 ",,,,"$4,250,000 "
"Alonso, Pete",2024,NYN,1b,5,3.6,16.8,"$14,500,000 ",,,,"$21,500,000 "
"Torres, Gleyber",2024,NYA,2b,5.162,3.4,14.6,"$9,950,000 ",,,,"$15,000,000 "
"Keller, Mitch",2024,PIT,rhp-s,4.026,3.4,6.3,"$2,437,500 ",,,,"$6,000,000 "
"Kirk, Alejandro",2024,TOR,c,3.047,3.2,9.2,"$767,300 ",,,,"$5,250,000 "
"Verdugo, Alex",2024,BOS,rf,5.078,3.1,13.8,"$6,300,000 ",,,,"$9,000,000 "
"Pivetta, Nick",2024,BOS,rhp-s,5.166,3,12.4,"$5,350,000 ",,,,"$8,000,000 "
"Burnes, Corbin",2024,MIL,rhp-s,5.049,2.9,17,"$10,010,000 ",,,,"$16,000,000 "
"Smith, Will",2024,LAN,c,4.09,2.9,12.3,"$5,250,000 ",,,,"$9,000,000 "
"Arozarena, Randy",2024,TBA,lf,3.129,2.9,7.8,"$4,150,000 ",,,,"$9,000,000 "
"Bohm, Alec",2024,PHI,3b,3.106,2.8,5.5,"$748,000 ",,,,"$4,000,000 "
"Walker, Christian",2024,ARI,1b,5.124,2.7,9.8,"$6,500,000 ",,,,"$11,750,000 "
"Lúzardo, Jesus",2024,MIA,lhp-s,3.165,2.6,4.6,"$2,450,000 ",,,,"$6,000,000 "
"Adames, Willy",2024,MIL,ss,5.105,2.5,11.2,"$8,700,000 ",,,,"$13,000,000 "
"Canning, Griffin",2024,ANA,rhp,4.075,2.3,3.1,"$850,000 ",,,,"$2,750,000 "
"Rengifo, Luis",2024,ANA,2b,4.043,2.2,6.9,"$2,300,000 ",,,,"$4,500,000 "
"King, Michael",2024,NYA,rhp,4.004,2.2,4.3,"$1,300,000 ",,,,"$3,000,000 "
"Vaughn, Andrew",2024,CHA,1b,3,2.2,4.1,"$760,000 ",,,,"$3,500,000 "
"Skubal, Tarik",2024,DET,lhp,3.114,2.2,3.9,"$743,700 ",,,,"$2,750,000 "
"Scott, Tanner",2024,MIA,lhp-c,5.059,2.1,5.8,"$2,825,000 ",,,,"$6,000,000 "
"Naylor, Josh",2024,CLE,1b,4.127,2.1,5.4,"$3,350,000 ",,,,"$7,000,000 "
"Thomas, Lane",2024,WAS,rf,4.014,2.1,5,"$2,200,000 ",,,,"$6,800,000 "
"Wade Jr., LaMonte",2024,SFN,1b,4.035,2.1,3.9,"$1,375,000 ",,,,"$4,000,000 "
"Edman, Tommy",2024,SLN,ss,4.114,2,10.4,"$4,200,000 ",,,,"$7,100,000 "
"Vargas, Ildemaro",2024,WAS,2b,4.007,2,4.1,"$975,000 ",,,,"$3,750,000 "
"McClanahan, Shane",2024,TBA,lhp-s,2.158,1.9,8.1,"$737,000 ",,,,"$4,000,000 "
"India, Jonathan",2024,CIN,2b,3,1.9,6,"$760,000 ",,,,"$3,500,000 "
"Schmidt, Clarke",2024,NYA,rhp-s,2.148,1.9,2.8,"$740,475 ",,,,"$3,000,000 "
"Rogers, Jake",2024,DET,c,3.04,1.9,1.2,"$726,000 ",,,,"$2,000,000 "
"Jansen, Danny",2024,TOR,c,5.05,1.8,8.4,"$3,500,000 ",,,,"$5,750,000 "
"Singer, Brady",2024,KCA,rhp-s,3.156,1.8,7.2,"$2,950,000 ",,,,"$5,250,000 "
"Santander, Anthony",2024,BAL,rf,5.162,1.8,6.9,"$7,400,000 ",,,,"$11,500,000 "
"Dubón, Mauricio",2024,HOU,2b,3.162,1.8,3.6,"$1,400,000 ",,,,"$3,000,000 "
"Paredes, Isaac",2024,TBA,3b,2.16,1.8,3.3,"$735,000 ",,,,"$2,800,000 "
"Bieber, Shane",2024,CLE,rhp-s,5.097,1.7,17.5,"$10,010,000 ",,,,"$13,000,000 "
"Fried, Max",2024,ATL,lhp-s,5.148,1.7,15.2,"$13,500,000 ",,,,"$15,000,000 "
"Dunning, Dane",2024,TEX,rhp-s,3.083,1.7,4.3,"$742,840 ",,,,"$3,250,000 "
"Abreu, Bryan",2024,HOU,rhp,3.022,1.7,3.7,"$745,200 ",,,,"$1,750,000 "
"Merryweather, Julian",2024,CHN,rhp,3.109,1.7,2.4,"$737,000 ",,,,"$2,000,000 "
"France, Ty",2024,SEA,1b,4.089,1.6,8.3,"$4,100,000 ",,,,"$6,600,000 "
"Mountcastle, Ryan",2024,BAL,1b,3.105,1.6,5.9,"$738,400 ",,,,"$3,900,000 "
"Suárez, Ranger",2024,PHI,lhp-s,4.112,1.6,5.8,"$2,950,000 ",,,,"$5,600,000 "
"Holmes, Clay",2024,NYA,rhp-c,5.031,1.6,5.4,"$3,300,000 ",,,,"$5,500,000 "
"Graterol, Brusdar",2024,LAN,rhp-c,3.167,1.6,3.7,"$1,225,000 ",,,,"$2,550,000 "
"Peterson, David",2024,NYN,lhp-s,3.089,1.6,3.3,"$750,000 ",,,,"$1,750,000 "
"Payamps, Joel",2024,MIL,rhp,3.027,1.6,3,"$730,500 ",,,,"$2,100,000 "
"Houser, Adrian",2024,MIL,rhp,5.01,1.5,6.6,"$3,600,000 ",,,,"$5,000,000 "
"Higashioka, Kyle",2024,NYA,c,5.005,1.5,6.4,"$1,462,500 ",,,,"$2,500,000 "
"Lowe, Nathaniel",2024,TEX,1b,3.145,1.5,5.6,"$4,050,000 ",,,,"$6,900,000 "
"Puk, A.J.",2024,MIA,lhp,3.124,1.5,2.8,"$736,000 ",,,,"$1,550,000 "
"Olivares, Edward",2024,KCA,of,3.049,1.5,2.7,"$740,750 ",,,,"$1,750,000 "
"Topa, Justin",2024,SEA,rhp,3.044,1.5,1.9,,,,,"$1,750,000 "
"Mullins, Cedric",2024,BAL,cf,4.078,1.4,10.7,"$4,100,000 ",,,,"$6,800,000 "
"Cease, Dylan",2024,CHA,rhp-s,4.089,1.4,8,"$5,700,000 ",,,,"$8,700,000 "
"Minter, A.J.",2024,ATL,lhp,5.154,1.4,6.3,"$2,200,000 ",,,,"$6,000,000 "
"Varsho, Daulton",2024,TOR,lf,3.128,1.4,5.8,"$3,050,000 ",,,,"$4,800,000 "
"Williams, Devin",2024,MIL,rhp-c,4.056,1.4,5.5,"$3,350,000 ",,,,"$6,900,000 "
"Rogers, Tyler",2024,SFN,rhp,4.034,1.4,4.8,"$1,675,000 ",,,,"$2,750,000 "
"Richards, Trevor",2024,TOR,rhp-s,5.084,1.4,4.4,"$1,500,000 ",,,,"$2,900,000 "
"Alzolay, Adbert",2024,CHN,rhp-s,3.05,1.4,4.2,"$744,750 ",,,,"$2,850,000 "
"Baddoo, Akil",2024,DET,of,2.119,1.4,4.2,,,,,"$2,000,000 "
"Bednar, David",2024,PIT,rhp-c,3.076,1.4,3.8,"$745,000 ",,,,"$3,950,000 "
"Ramírez, Harold",2024,TBA,dh-of,4.124,1.4,3.7,"$2,200,000 ",,,,"$4,000,000 "
"Swanson, Erik",2024,TOR,rhp,4.096,1.4,3.4,"$1,250,000 ",,,,"$2,700,000 "
"Milner, Hoby",2024,MIL,lhp,4.068,1.4,3.1,"$1,025,000 ",,,,"$1,775,000 "
"Ginkel, Kevin",2024,ARI,rhp,3.032,1.4,2.4,"$746,600 ",,,,"$1,400,000 "
"Soto, Gregory",2024,PHI,lhp,4.102,1.4,2.4,"$3,925,000 ",,,,"$4,900,000 "
"Harvey, Hunter",2024,WAS,rhp,4.047,1.4,2.4,"$870,000 ",,,,"$2,100,000 "
"García, Luis",2024,WAS,2b,2.142,1.4,1.8,"$738,600 ",,,,"$1,400,000 "
"Woodruff, Brandon",2024,MIL,rhp-s,5.161,1.3,15.5,"$10,800,000 ",,non-tendered,,"$12,500,000 "
"Germán, Domingo",2024,NYA,rhp-s,4.142,1.3,6,"$2,600,000 ",,outrighted,,"$4,000,000 "
"Mayza, Tim",2024,TOR,lhp,4.156,1.3,5.2,"$2,100,000 ",,,,"$3,550,000 "
"Ward, Taylor",2024,ANA,lf,3.164,1.3,4.8,"$2,750,000 ",,,,"$4,000,000 "
"Leiter Jr., Mark",2024,CHN,rhp,3.031,1.3,3.8,"$850,000 ",,,,"$2,000,000 "
"Phillips, Evan",2024,LAN,rhp,3.136,1.3,3.6,"$1,300,000 ",,,,"$3,100,000 "
"Chisholm Jr., Jazz",2024,MIA,cf,3.075,1.3,2.3,"$749,500 ",,,,"$2,200,000 "
"Hoffman, Jeff",2024,PHI,rhp,5.084,1.3,1.7,"$1,300,000 ",,,,"$2,250,000 "
"Hays, Austin",2024,BAL,lf,4.057,1.2,7.8,"$3,200,000 ",,,,"$5,800,000 "
"Coulombe, Daniel",2024,BAL,lhp,5.008,1.2,4.6,"$1,000,000 ",,,,"$2,000,000 "
"Romano, Jordan",2024,TOR,rhp-c,4.051,1.2,4.4,"$4,537,500 ",,,,"$6,900,000 "
"Finnegan, Kyle",2024,WAS,rhp-c,4,1.2,3.8,"$2,325,000 ",,,,"$4,000,000 "
"Ferguson, Caleb",2024,LAN,lhp,5.093,1.2,3.6,"$1,100,000 ",,,,"$2,250,000 "
"Tonkin, Michael",2024,ATL,rhp,3.074,1.2,3.4,"$750,000 ",,non-tendered,,"$1,450,000 "
"Sborz, Josh",2024,TEX,rhp,3.055,1.2,2.2,"$733,450 ",,,,"$1,550,000 "
"Castro, Willi",2024,MIN,inf-of,4.017,1.2,1.9,"$1,800,000 ",,,,"$3,300,000 "
"Trevino, Jose",2024,NYA,c,4.063,1.1,7.4,"$2,360,000 ",,,,"$2,860,000 "
"Adam, Jason",2024,TBA,rhp,3.132,1.1,3,"$1,775,000 ",,,,"$2,775,000 "
"Hentges, Sam",2024,CLE,lhp,2.157,1.1,2.9,"$730,200 ",,,,"$1,250,000 "
"Fraley, Jake",2024,CIN,dh,3.097,1.1,2.5,"$740,000 ",,,,"$2,000,000 "
"Sandlin, Nick",2024,CLE,rhp,2.157,1.1,2.2,"$726,000 ",,,,"$1,200,000 "
"McCormick, Chas",2024,HOU,cf,3,1.1,2.2,"$752,500 ",,,,"$2,900,000 "
"Smith, Dominic",2024,WAS,1b,5.081,1.1,2.1,"$2,000,000 ",,non-tendered,,"$3,900,000 "
"Rasmussen, Drew",2024,TBA,rhp-s,3.111,1,5.2,"$739,700 ",,,,"$3,000,000 "
"Madrigal, Nick",2024,CHN,2b,3.163,1,3.4,"$1,225,000 ",,,,"$2,225,000 "
"Vesia, Alex",2024,LAN,lhp,3.078,1,2.5,"$750,000 ",,,,"$1,500,000 "
"Tauchman, Mike",2024,CHN,cf,3.143,1,2,,,,,"$1,850,000 "
"Sánchez, Jesús",2024,MIA,of,2.118,1,2,"$738,000 ",,,,"$1,200,000 "
"Blackburn, Paul",2024,OAK,rhp-s,4.018,1,1.8,"$1,900,000 ",,,,"$2,900,000 "
"Laureano, Ramón",2024,CLE,rf,4.165,0.9,7.6,"$3,550,000 ",,,"$5,150,000 ","$4,800,000 "
"O'Neill, Tyler",2024,SLN,lf,5.059,0.9,7.5,"$4,950,000 ",,,,"$5,850,000 "
"Carlson, Dylan",2024,SLN,cf,3.104,0.9,5.4,"$742,400 ",,,,"$2,100,000 "
"Armstrong, Shawn",2024,TBA,rhp,5.113,0.9,3.4,"$1,200,000 ",,,,"$1,950,000 "
"Helsley, Ryan",2024,SLN,rhp-c,4.105,0.9,3.1,"$2,150,000 ",,,,"$4,000,000 "
"Wells, Tyler",2024,BAL,rhp-s,2.132,0.9,2.1,"$732,400 ",,,,"$2,000,000 "
"Young, Alex",2024,CIN,lhp,3.143,0.9,2.1,"$1,150,000 ",,,,"$1,750,000 "
"O'Hearn, Ryan",2024,BAL,1b-of,4.17,0.9,1.4,"$1,400,000 ",,,,"$2,850,000 "
"Romero, JoJo",2024,SLN,lhp,3.045,0.9,1.4,,,,,"$1,400,000 "
"Berti, Jon",2024,MIA,lf-3b,4.168,0.8,4.7,"$2,100,000 ",,exercised option,"$3,500,000 ","$3,250,000 "
"Estrada, Thairo",2024,SFN,2b,3.169,0.8,3.8,"$2,250,000 ",,,,"$4,250,000 "
"Raley, Brooks",2024,NYN,lhp,4.045,0.8,3.2,"$4,500,000 ",,,,"$5,500,000 "
"Taveras, Leody",2024,TEX,cf,2.124,0.8,3.1,"$733,445 ",,,,"$2,250,000 "
"VerHagen, Drew",2024,SLN,rhp,5.066,0.8,3,"$3,000,000 ",,,,"$4,400,000 "
"De Los Santos, Enyel",2024,SDN,rhp,3.015,0.8,2.8,"$750,000 ",,,,"$1,400,000 "
"Sosa, Edmundo",2024,PHI,ss,3.14,0.8,2.7,"$950,000 ",,,,"$1,850,000 "
"Okert, Steven",2024,MIA,lhp,3.109,0.8,2.3,"$739,000 ",,,,"$1,400,000 "
"Pérez, Cionel",2024,BAL,lhp,3.085,0.8,2.2,"$732,400 ",,,,"$1,300,000 "
"Wilson, Bryse",2024,MIL,rhp-s,3.036,0.8,0.2,"$732,600 ",,,,"$1,550,000 "
"Lopez, Nicky",2024,CHA,2b,4.139,0.7,7.4,"$3,700,000 ",,,,"$4,000,000 "
"Civale, Aaron",2024,TBA,rhp-s,4.058,0.7,4.1,"$2,454,546 ",,,,"$4,000,000 "
"Espinal, Santiago",2024,TOR,2b,3.149,0.7,4,"$2,100,000 ",,,,"$2,750,000 "
"Farmer, Kyle",2024,MIN,inf,5.129,0.7,3.6,"$5,585,000 ",,,,"$6,500,000 "
"Chargois, JT",2024,MIA,rhp,4.101,0.7,3,"$850,000 ",,,,"$1,350,000 "
"Schreiber, John",2024,BOS,rhp,3.027,0.7,2.8,"$750,000 ",,,,"$1,500,000 "
"Almonte, Yency",2024,LAN,rhp,4.143,0.7,1.9,"$1,500,000 ",,,"$1,900,000 ","$2,250,000 "
"Burke, Brock",2024,TEX,lhp,3.065,0.7,1.8,"$742,840 ",,,,"$1,400,000 "
"Borucki, Ryan",2024,PIT,lhp,5.006,0.7,1.7,,,,"$1,600,000 ","$1,750,000 "
"Poche, Colin",2024,TBA,lhp,4.114,0.7,1.7,"$1,175,000 ",,,,"$2,250,000 "
"Hernández, Carlos",2024,KCA,rhp,2.145,0.7,-0.1,"$730,250 ",,,,"$1,200,000 "
"Alexander, Tyler",2024,TBA,lhp,4.058,0.7,-0.2,"$1,875,000 ",,,,"$2,000,000 "
"Yastrzemski, Mike",2024,SFN,cf,4.128,0.6,6.5,"$6,100,000 ",,,"$7,900,000 ","$7,500,000 "
"Barlow, Scott",2024,CLE,rhp,5.03,0.6,5.9,"$5,300,000 ",,,,"$6,800,000 "
"Stallings, Jacob",2024,MIA,c,5.149,0.6,4.6,"$3,350,000 ",,non-tendered,,"$3,750,000 "
"Wright, Kyle",2024,KCA,rhp-s,3.062,0.6,4.4,"$750,000 ",,,,"$1,300,000 "
"Hill, Tim",2024,SDN,lhp,5.112,0.6,4.3,"$1,850,000 ",,non-tendered,,"$2,750,000 "
"Thielbar, Caleb",2024,MIN,lhp,5.131,0.6,4.2,"$2,400,000 ",,,,"$3,250,000 "
"Urías, Ramón",2024,BAL,2b,3.025,0.6,3.5,"$734,700 ",,,,"$1,850,000 "
"Mantiply, Joe",2024,ARI,lhp,3.029,0.6,2.7,"$756,000 ",,,,"$1,250,000 "
"Anderson, Nick",2024,KCA,rhp,4.153,0.6,2.7,"$875,000 ",,,,"$1,750,000 "
"Beeks, Jalen",2024,COL,lhp,5.003,0.6,2.6,"$1,375,000 ",,,"$1,675,000 ","$1,875,000 "
"Yarbrough, Ryan",2024,LAN,lhp-s,5.117,0.6,2.5,"$3,000,000 ",,,,"$4,000,000 "
"Clarke, Taylor",2024,KCA,rhp,4.12,0.6,1.8,"$1,150,000 ",,,"$1,250,000 ","$2,000,000 "
"Cordero, Jimmy",2024,NYA,rhp,3.061,0.6,1.6,"$720,000 ",,outrighted,,"$950,000 "
"McKinney, Billy",2024,NYA,of,3.087,0.6,1.4,,,outrighted,,"$1,400,000 "
"Sandoval, Patrick",2024,ANA,lhp-s,3.149,0.5,4.8,"$2,750,000 ",,,,"$4,250,000 "
"Gott, Trevor",2024,NYN,rhp,5.057,0.5,3,"$1,200,000 ",,non-tendered,,"$2,000,000 "
"Jeffers, Ryan",2024,MIN,c,3.089,0.5,2.5,"$741,650 ",,,,"$1,750,000 "
"Taylor, Tyrone",2024,MIL,of,3.093,0.5,2.2,"$735,400 ",,,,"$1,735,000 "
"González, Victor",2024,LAN,lhp,3.058,0.5,1.6,,,,,"$950,000 "
"Hernández, Jonathan",2024,TEX,rhp,3.131,0.5,1.5,"$995,000 ",,,,"$1,400,000 "
"Abreu, Albert",2024,NYA,rhp,2.118,0.5,1.1,"$738,700 ",,non-tendered,,"$1,000,000 "
"Covey, Dylan",2024,PHI,rhp,3.138,0.5,1,,,,,"$1,250,000 "
"Lambert, Peter",2024,COL,rhp,3.128,0.5,0.7,,,,,"$1,250,000 "
"Knizner, Andrew",2024,SLN,c,4.021,0.5,0,"$1,100,000 ",,non-tendered,,"$1,850,000 "
"Tapia, Raimel",2024,TBA,of,5.144,0.4,6.3,"$2,000,000 ",,,,"$2,750,000 "
"Brown, Seth",2024,OAK,dh-1b,3.104,0.4,3.1,"$730,000 ",,,,"$2,000,000 "
"May, Dustin",2024,LAN,rhp-s,4.059,0.4,3,"$1,675,000 ",,,,"$2,250,000 "
"Senzel, Nick",2024,CIN,of-3b,4.15,0.4,2.7,"$1,950,000 ",,non-tendered,,"$3,250,000 "
"Sims, Lucas",2024,CIN,rhp,5.014,0.4,2.7,"$1,267,500 ",,,,"$2,850,000 "
"Cave, Jake",2024,PHI,rf,4.071,0.4,2.6,"$950,000 ",,,,"$1,500,000 "
"Law, Derek",2024,CIN,rhp,4.081,0.4,2.5,"$1,000,000 ",,non-tendered,,"$1,500,000 "
"Fleming, Josh",2024,PHI,lhp-s,2.144,0.4,2.1,"$727,000 ",,non-tendered,,"$1,200,000 "
"Haggerty, Sam",2024,SEA,2b,3.044,0.4,1.5,"$726,600 ",,,,"$850,000 "
"Akin, Keegan",2024,BAL,lhp,3.079,0.4,1.3,"$731,100 ",,,"$825,000 ","$1,000,000 "
"Mateo, Jorge",2024,BAL,ss,4,0.4,1.3,"$2,000,000 ",,,"$2,700,000 ","$2,750,000 "
"Brigham, Jeff",2024,NYN,rhp,3.142,0.4,0.8,"$760,000 ",,non-tendered,,"$1,000,000 "
"Urías, Luis",2024,SEA,3b,4.098,0.3,4.6,"$4,700,000 ",,,,"$5,250,000 "
"Garcia, Luis",2024,HOU,rhp-s,3.083,0.3,4.2,"$763,200 ",,,,"$1,800,000 "
"Grisham, Trent",2024,SDN,cf,4.06,0.3,4,"$3,175,000 ",,,,"$4,175,000 "
"Robles, Victor",2024,WAS,cf,5.033,0.3,3.8,"$2,325,000 ",,,"$2,650,000 ","$2,750,000 "
"Soroka, Michael",2024,CHA,rhp-s,5.009,0.3,3.7,"$2,800,000 ",,,,"$3,150,000 "
"Karinchak, James",2024,CLE,rhp,3.099,0.3,2.7,"$1,500,000 ",,,,"$2,200,000 "
"Joe, Connor",2024,PIT,1b,2.136,0.3,2.2,"$735,000 ",,,,"$1,735,000 "
"King, John",2024,SLN,lhp,2.148,0.3,2.2,,,,,"$1,250,000 "
"Taylor, Josh",2024,KCA,rhp,4.118,0.3,2.1,"$1,025,000 ",,,"$1,100,000 ","$1,200,000 "
"Wisdom, Patrick",2024,CHN,3b-1b,3.058,0.3,1.9,"$763,000 ",,,"$2,725,000 ","$2,250,000 "
"Cabrera, Génesis",2024,TOR,lhp,4.011,0.3,1.9,"$950,000 ",,,,"$1,500,000 "
"Smith, Drew",2024,NYN,rhp,5.034,0.3,1.6,"$1,300,000 ",,,,"$1,950,000 "
"Adams, Austin L.",2024,ARI,rhp,4.15,0.3,1.4,,,,,"$1,600,000 "
"Wingenter, Trey",2024,DET,rhp,4.017,0.3,1.3,"$1,000,000 ",,outrighted,,"$1,250,000 "
"Staumont, Josh",2024,KCA,rhp,4.071,0.3,1.2,"$1,025,000 ",,non-tendered,,"$1,300,000 "
"Webb, Jacob",2024,BAL,rhp,3.046,0.3,1.1,,,,,"$1,200,000 "
"Gordon, Nick",2024,MIN,ss,2.136,0.3,1.1,"$735,400 ",,,,"$1,100,000 "
"Bethancourt, Christian",2024,CLE,c,4.038,0.3,0.9,"$1,350,000 ",,,,"$2,000,000 "
"De León, José",2024,MIN,rhp-s,3.062,0.3,0.8,,,outrighted,,"$825,000 "
"Ford, Mike",2024,SEA,1b,3.008,0.3,0.8,,,non-tendered,,"$1,250,000 "
"Pearson, Nate",2024,TOR,rhp,3.005,0.3,0.4,,,,,"$850,000 "
"Irvin, Cole",2024,BAL,lhp-s,3.083,0.3,-0.6,"$737,600 ",,,,"$1,500,000 "
"Sewald, Paul",2024,ARI,rhp,5.072,0.2,5,"$4,100,000 ",,,,"$6,800,000 "
"Cimber, Adam",2024,TOR,rhp,5.156,0.2,4.5,"$3,150,000 ",,non-tendered,,"$3,300,000 "
"Newcomb, Sean",2024,OAK,lhp-s,4.113,0.2,4.4,,,,"$1,000,000 ","$1,000,000 "
"Loáisiga, Jonathan",2024,NYA,rhp,5.022,0.2,4.1,"$2,262,500 ",,,,"$2,750,000 "
"Kittredge, Andrew",2024,TBA,rhp,5.07,0.2,3.9,"$2,075,000 ",,,,"$2,500,000 "
"Rogers, Trevor",2024,MIA,lhp-s,3.094,0.2,3.2,"$752,000 ",,,,"$1,750,000 "
"Hudson, Dakota",2024,SLN,rhp-s,4.156,0.2,3,"$2,650,000 ",,non-tendered,,"$3,650,000 "
"Chirinos, Yonny",2024,ATL,rhp-s,5.114,0.2,2.8,"$1,275,000 ",,DFA,,"$2,000,000 "
"Rodriguez, Joely",2024,BOS,lhp,4.096,0.2,2.8,"$1,500,000 ",,,,"$2,750,000 "
"Thompson, Ryan",2024,ARI,rhp,3.095,0.2,2.5,"$1,000,000 ",,,,"$1,600,000 "
"Bickford, Phil",2024,NYN,rhp,2.134,0.2,2.5,"$740,000 ",,,,"$850,000 "
"Stewart, DJ",2024,NYN,of,2.168,0.2,2,,,,"$1,380,000 ","$1,100,000 "
"Slater, Austin",2024,SFN,of,5.147,0.2,2,"$3,200,000 ",,,"$4,000,000 ","$3,700,000 "
"Weber, Ryan",2024,NYA,rhp,3.167,0.2,1.9,,,outrighted,,"$1,100,000 "
"Herget, Jimmy",2024,ANA,rhp,2.152,0.2,1.7,"$750,000 ",,,,"$1,000,000 "
"Curtiss, John",2024,NYN,rhp,3.137,0.2,1.3,"$775,000 ",,outrighted,,"$1,150,000 "
"Woodford, Jake",2024,SLN,rhp-s,3.048,0.2,0.9,"$739,800 ",,non-tendered,,"$1,000,000 "
"Reid-Foley, Sean",2024,NYN,rhp,2.133,0.2,0.7,,,,,"$800,000 "
"Heller, Ben",2024,ATL,rhp,3.102,0.2,0.5,,,outrighted,,"$1,100,000 "
"Bubic, Kris",2024,KCA,lhp-s,3.135,0.2,-0.6,"$2,200,000 ",,,,"$2,300,000 "
"Rodgers, Brendan",2024,COL,ss,4.075,0.1,5.1,"$2,700,000 ",,,,"$3,250,000 "
"Bush, Matt",2024,TEX,rhp,5.058,0.1,3.7,"$1,850,000 ",,non-tendered,,"$2,400,000 "
"Biggio, Cavan",2024,TOR,2b,4.129,0.1,3.6,"$2,800,000 ",,,,"$3,750,000 "
"Barnes, Jacob",2024,SLN,rhp,5.112,0.1,3.5,,,elected FA,,"$1,250,000 "
"Turnbull, Spencer",2024,DET,rhp-s,5.02,0.1,3.1,"$2,150,000 ",,non-tendered,,"$2,500,000 "
"Bowman, Matt",2024,NYA,rhp,4.043,0.1,3.1,A3,,outrighted,,"$1,250,000 "
"Andujar, Miguel",2024,OAK,3b,4.053,0.1,3.1,"$1,525,000 ",,,"$1,700,000 ","$2,000,000 "
"Guillorme, Luis",2024,NYN,inf,4.159,0.1,2.9,"$1,600,000 ",,non-tendered,,"$2,000,000 "
"McGuire, Reese",2024,BOS,cf,4.027,0.1,2.6,"$1,225,000 ",,,,"$2,000,000 "
"Toro, Abraham",2024,OAK,3b,3.011,0.1,2.3,"$1,250,000 ",,,"$1,275,000 ","$1,750,000 "
"Suero, Wander",2024,LAN,rhp,3.144,0.1,2.2,,,outrighted,,"$950,000 "
"Gallagher, Cam",2024,CLE,c,5.073,0.1,2,"$1,250,000 ",,outrighted,,"$1,400,000 "
"Alcala, Jorge",2024,MIN,rhp,4.014,0.1,1.7,"$790,000 ",,,,"$1,200,000 "
"Quijada, José",2024,ANA,lhp,3.046,0.1,1.4,"$750,000 ",,,,"$975,000 "
"Antone, Tejay",2024,CIN,rhp,4,0.1,1.4,"$770,000 ",,,,"$1,000,000 "
"Urquidy, José",2024,HOU,rhp-s,4.049,0.1,1.1,"$3,025,000 ",,,,"$3,725,000 "
"Thornton, Trent",2024,SEA,rhp-s,3.148,0.1,1.1,"$1,000,000 ",,,,"$1,250,000 "
"Morejon, Adrian",2024,SDN,lhp,3.14,0.1,0.8,"$800,000 ",,,,"$1,000,000 "
"Cordero, Franchy",2024,NYA,cf-rf,4.16,0.1,0.7,"$1,000,000 ",,outrighted,,"$1,600,000 "
"McKenna, Ryan",2024,BAL,of,2.123,0.1,0,"$725,800 ",,,"$800,000 ","$825,000 "
"Barría, Jaime",2024,ANA,rhp,4.035,0.1,-0.1,"$1,050,000 ",,,,"$1,400,000 "
"Allard, Kolby",2024,ATL,lhp,3.162,0.1,-0.1,"$750,000 ",,non-tendered,,"$1,000,000 "
"Hearn, Taylor",2024,KCA,lhp,3.165,0.1,-0.2,"$1,462,500 ",,elected FA,,"$1,570,000 "
"Kaprielian, James",2024,OAK,rhp-s,2.167,0.1,-1.2,"$730,000 ",,,,"$950,000 "
"Meadows, Austin",2024,DET,rf,5.074,0,5.2,"$4,300,000 ",,non-tendered,,"$4,300,000 "
"Luplow, Jordan",2024,MIN,of,5.025,0,4.1,"$1,400,000 ",,elected FA,,"$1,750,000 "
"Vogelbach, Daniel",2024,NYN,dh-1b,5.138,0,4,"$1,500,000 ",,non-tendered,,"$2,500,000 "
"McKenzie, Triston",2024,CLE,rhp-s,3.074,0,3.4,"$739,500 ",,,,"$1,500,000 "
"Nola, Austin",2024,SDN,c,4.045,0,3,"$2,350,000 ",,non-tendered,,"$2,350,000 "
"Littell, Zack",2024,TBA,rhp,4.043,0,3,,,,,"$1,500,000 "
"Rojas, Josh",2024,SEA,2b,3.126,0,2.8,"$2,575,000 ",,,,"$3,325,000 "
"Oretga, Rafael",2024,NYN,lf,3.035,0,2.2,,,outrighted,,"$1,250,000 "
"Toussaint, Touki",2024,CHA,rhp,3.071,0,1.6,,,,,"$1,500,000 "
"Sulser, Cole",2024,TBA,rhp,3.157,0,1.6,"$825,000 ",,,,"$950,000 "
"Rainey, Tanner",2024,WAS,rhp,4.127,0,1.6,"$1,500,000 ",,,"$1,500,000 ","$1,500,000 "
"Phillips, Brett",2024,ANA,of,4.06,0,1.4,"$1,200,000 ",,,,"$1,500,000 "
"Castro, Harold",2024,COL,3b,4.141,0,1.3,"$1,300,000 ",,,,"$1,800,000 "
"Coonrod, Sam",2024,NYN,rhp,4.078,0,1.3,"$775,000 ",,non-tendered,,"$925,000 "
"Crochet, Garrett",2024,CHA,lhp,3.028,0,0.9,"$733,000 ",,,,"$950,000 "
"Frazier, Clint",2024,CHA,of,4.092,0,0.7,,,,,"$1,000,000 "
"Burdi, Nick",2024,CHN,rhp,3.14,0,0.2,,,outrighted,,"$850,000 "
"Wynns, Austin",2024,COL,c,3.09,0,0.1,,,,,"$900,000 "
"Pérez, Michael",2024,NYN,c,3.095,0,-1.2,,,outrighted,,"$825,000 "
"Tellez, Rowdy",2024,MIL,1b,5.004,-0.1,4.7,"$4,950,000 ",,non-tendered,,"$5,450,000 "
"Lucchesi, Joey",2024,NYN,lhp-s,4.112,-0.1,3.9,"$1,150,000 ",,,,"$1,800,000 "
"Cortes, Nestor",2024,NYA,lhp-s,4.094,-0.1,2.7,"$3,200,000 ",,,,"$4,100,000 "
"Hampson, Garrett",2024,MIA,2b-ss,5.01,-0.1,2.1,,,non-tendered,,"$1,200,000 "
"Locastro, Tim",2024,NYN,2b-of,4.122,-0.1,1.6,"$1,400,000 ",,outrighted,,"$1,700,000 "
"Bauers, Jake",2024,MIL,1b,3.084,-0.1,1.4,,,,,"$1,250,000 "
"Walsh, Jared",2024,ANA,1b,3.114,-0.1,1,"$2,650,000 ",,,,"$2,750,000 "
"Lewis, Kyle",2024,ARI,of,3.067,-0.1,0.8,"$1,610,000 ",,non-tendered,,"$1,610,000 "
"Mendick, Danny",2024,NYN,ss,3.058,-0.1,0.7,"$1,000,000 ",,outrighted,,"$1,050,000 "
"Rucinski, Drew",2024,OAK,rhp,1.162,-0.1,0.4,"$3,000,000 ",,,,"$3,400,000 "
"Davis, Jonathan",2024,MIA,cf,3.035,-0.1,0.3,,,outrighted,,"$800,000 "
"Velazquez, Andrew",2024,ATL,ss-3b,3.033,-0.1,-0.3,,,outrighted,,"$850,000 "
"Torrens, Luis",2024,SEA,c,3.155,-0.1,-1.1,"$1,200,000 ",,outrighted,,"$1,200,000 "
"Gomber, Austin",2024,COL,lhp,4.111,-0.2,1.7,"$1,650,000 ",,,,"$2,650,000 "
"Kirilloff, Alex",2024,MIN,1b,2.141,-0.2,0.3,"$735,650 ",,,,"$1,000,000 "
"Wallach, Chad",2024,ANA,c,4.018,-0.2,0.1,,,,,"$975,000 "
"Means, John",2024,BAL,lhp-s,5.007,-0.2,0.1,"$2,975,000 ",,,,"$4,000,000 "
"Chavis, Michael",2024,WAS,3b,4.089,-0.2,-0.5,"$1,000,000 ",,outrighted,,"$1,100,000 "
"Kelly, Carson",2024,DET,c,5.161,-0.3,4.8,"$4,275,000 ",,,,"$4,300,000 "
"Hilliard, Sam",2024,BAL,rf,3.094,-0.3,2.5,"$750,000 ",,,"$800,000 ","$1,400,000 "
"Thompson, Trayce",2024,CHA,of,4.01,-0.3,1.4,"$1,450,000 ",,,,"$1,600,000 "
"Kopech, Michael",2024,CHA,rhp-s,4.041,-0.4,1.7,"$2,050,000 ",,,,"$3,050,000 "
"Suarez, José",2024,ANA,lhp-s,3.084,-0.4,0.5,"$750,000 ",,,,"$925,000 "
"Perez, Carlos",2024,OAK,c,3.167,-0.4,0.5,"$740,000 ",,,,"$1,000,000 "
"Stubbs, Garrett",2024,PHI,c,3.12,-0.4,-0.6,"$741,000 ",,,,"$850,000 "
"Davis, J.D.",2024,SFN,3b,5.137,-0.6,3,"$4,210,000 ",,,,"$5,750,000 "
"Blach, Ty",2024,COL,lhp-s,3.135,-0.6,1.1,"$1,100,000 ",,outrighted,,"$1,500,000 "
"Lauer, Eric",2024,MIL,lhp-s,4.111,-0.8,3.9,"$5,075,000 ",,outrighted,,"$5,250,000 "
"Quantrill, Cal",2024,COL,rhp-s,4.132,-0.9,2.1,"$5,550,000 ",,,,"$6,500,000 "
"Stephenson, Tyler",2024,CIN,c,3.056,-1.6,0.4,"$740,000 ",,,,"$1,750,000 "
"Buehler, Walker",2024,LAN,rhp,5.168,-,13.8,"$8,025,000 ",,,,"$8,025,000 "
"Trivino, Lou",2024,NYA,rhp,5.163,-,3.9,"$4,100,000 ",,non-tendered,,"$4,150,000 "
"Brubaker, JT",2024,PIT,rhp,4,-,3.4,"$2,275,000 ",,,,"$2,300,000 "
"Tate, Dillon",2024,BAL,rhp,4.048,-,3.2,"$1,500,000 ",,,,"$1,600,000 "
"Ynoa, Huascar",2024,ATL,rhp,3.011,-,2.1,"$750,000 ",,,,"$900,000 "
"Lux, Gavin",2024,LAN,ss,3.114,-,2,"$750,000 ",,,,"$900,000 "
"Martin, Brett",2024,TEX,lhp,4.151,-,1.6,"$1,275,000 ",,non-tendered,,"$1,275,000 "
"Bender, Anthony",2024,MIA,rhp,2.153,-,1.3,"$738,500 ",,,,"$825,000 "
"Heuer, Codi",2024,CHN,rhp,4,-,1.1,"$785,000 ",,non-tendered,,"$800,000 "
"Gilbreath, Lucas",2024,COL,lhp,2.148,-,1.1,"$725,000 ",,,,"$775,000 "
"Hernández, Elieser",2024,NYN,rhp,5.044,-,1,"$1,600,000 ",,outrighted,,"$1,600,000 "
"Foster, Matt",2024,CHA,rhp,3.093,-,0.8,"$734,000 ",,,"$750,000 ","$775,000 "
"Mize, Casey",2024,DET,rhp-s,3.111,-,0.8,"$734,200 ",,,,"$1,000,000 "
"Feyereisen, J.P.",2024,LAN,rhp,3.108,-,0.5,"$750,000 ",,,,"$900,000 "
"Gutierrez, Vladimir",2024,CIN,rhp,2.127,-,-1,"$730,000 ",,,,"$900,000 "
"Dunn, Justin",2024,CIN,rhp,4.02,-,-1.3,"$900,000 ",,,,"$900,000 "