Player,Year,Team,Position,Service,Next Year Salary,Source,Extension,Non-Tendered,Outrighted,first_name,last_name
Corbin Burnes,2023,MIL,rhp-s,4.049,10010000.0,Cots,False,False,False,Corbin,Burnes
Pete Alonso,2023,NYN,1b,4.0,14500000.0,Cots,False,,,Pete,Alonso
Dylan Cease,2023,CHA,rhp,3.089,5700000.0,Cots,False,,,Dylan,Cease
Christian Walker,2023,ARI,1b,4.124,6500000.0,Cots,False,,,Christian,Walker
Zac Gallen,2023,ARI,rhp-s,3.1,5600000.0,Cots,False,,,Zac,Gallen
Vladimir Guerrero Jr.,2023,TOR,3b,3.157,14500000.0,Cots,False,,,Vladimir,Guerrero Jr.
Will Smith,2023,LAN,c,3.09,5250000.0,Cots,False,,,Will,Smith
Kyle Tucker,2023,HOU,of,3.079,5000000.0,Cots,False,False,False,Kyle,Tucker
Sean Murphy,2023,ATL,c,3.029,,Cots,True,False,False,Sean,Murphy
Taylor Ward,2023,ANA,3b,2.164,2750000.0,Cots,False,,,Taylor,Ward
Shane Bieber,2023,CLE,rhp-s,4.097,10010000.0,Cots,False,,,Shane,Bieber
Rafael Devers,2023,BOS,3b,5.07,17500000.0,Cots,False,,,Rafael,Devers
Brandon Woodruff,2023,MIL,rhp-s,4.161,10800000.0,Cots,False,,,Brandon,Woodruff
Jeff McNeil,2023,NYN,2b,4.069,,Cots,True,False,False,Jeff,McNeil
Anthony Santander,2023,BAL,rf,4.162,7400000.0,Cots,False,,,Anthony,Santander
Jose Trevino,2023,NYA,c,3.063,2360000.0,Cots,False,,,Jose,Trevino
Max Fried,2023,ATL,lhp-s,4.148,13500000.0,Cots,False,False,False,Max,Fried
Shohei Ohtani,2023,ANA,rhp-s,5.0,30000000.0,Cots,False,,,Shohei,Ohtani
Cristian Javier,2023,HOU,rhp-s,3.0,,Cots,True,False,False,Cristian,Javier
Yandy Díaz,2023,TBA,3b,4.122,,Cots,True,False,False,Yandy,Díaz
Luis Arraez,2023,MIA,2b,3.121,6100000.0,Cots,False,False,False,Luis,Arraez
Framber Valdez,2023,HOU,lhp,3.163,6800000.0,Cots,False,,,Framber,Valdez
Ian Happ,2023,CHN,cf,5.036,10850000.0,Cots,False,,,Ian,Happ
Nico Hoerner,2023,CHN,2b,3.014,2525000.0,Cots,False,,,Nico,Hoerner
Juan Soto,2023,SDN,lf,4.134,23000000.0,Cots,False,,,Juan,Soto
Bo Bichette,2023,TOR,ss,3.063,,Cots,True,False,False,Bo,Bichette
Teoscar Hernández,2023,SEA,lf,5.097,14000000.0,Cots,False,False,False,Teoscar,Hernández
Gleyber Torres,2023,NYA,ss,4.162,9950000.0,Cots,False,False,False,Gleyber,Torres
Cedric Mullins,2023,BAL,cf,3.078,4100000.0,Cots,False,,,Cedric,Mullins
Brady Singer,2023,KCA,rhp-s,2.156,2950000.0,Cots,False,False,False,Brady,Singer
Brendan Rodgers,2023,COL,ss,3.075,2700000.0,Cots,False,,,Brendan,Rodgers
Amed Rosario,2023,CLE,ss-of,5.062,7800000.0,Cots,False,,,Amed,Rosario
Daulton Varsho,2023,TOR,c,2.128,3050000.0,Cots,False,,,Daulton,Varsho
Logan Webb,2023,SFN,rhp-s,3.044,4600000.0,Cots,False,,,Logan,Webb
Tommy Edman,2023,SLN,2b,3.114,4200000.0,Cots,False,,,Tommy,Edman
Nathaniel Lowe,2023,TEX,1b,2.145,4050000.0,Cots,False,,,Nathaniel,Lowe
Rhys Hoskins,2023,PHI,1b,5.053,12000000.0,Cots,False,,,Rhys,Hoskins
Hunter Renfroe,2023,ANA,rf,5.165,11900000.0,Cots,False,False,False,Hunter,Renfroe
Pablo López,2023,MIA,rhp-s,4.093,5450000.0,Cots,False,,,Pablo,López
Julio Urias,2023,LAN,lhp-s,5.117,14250000.0,Cots,False,,,Julio,Urias
Ty France,2023,SEA,3b,3.089,4100000.0,Cots,False,,,Ty,France
Nestor Cortes,2023,NYA,lhp-s,3.094,3200000.0,Cots,False,,,Nestor,Cortes
Jeffrey Springs,2023,TBA,lhp,4.055,,Cots,True,False,False,Jeffrey,Springs
Willy Adames,2023,MIL,ss,4.105,8700000.0,Cots,False,,,Willy,Adames
Austin Hays,2023,BAL,lf,3.057,3200000.0,Cots,False,,,Austin,Hays
Tony Gonsolin,2023,LAN,rhp-s,2.152,,Cots,True,False,False,Tony,Gonsolin
Luis Rengifo,2023,ANA,2b,3.043,2300000.0,Cots,False,False,False,Luis,Rengifo
Giovanny Urshela,2023,ANA,3b,5.127,8400000.0,Cots,False,False,False,Giovanny,Urshela
Randy Arozarena,2023,TBA,lf,2.129,4150000.0,Cots,False,,,Randy,Arozarena
Rowdy Tellez,2023,MIL,1b,4.004,4950000.0,Cots,False,,,Rowdy,Tellez
Jake Cronenworth,2023,SDN,lf-rhp,3.0,4225000.0,Cots,False,,,Jake,Cronenworth
Patrick Sandoval,2023,ANA,lhp,2.149,2750000.0,Cots,False,,,Patrick,Sandoval
Alex Verdugo,2023,BOS,of,4.078,6300000.0,Cots,False,,,Alex,Verdugo
Danny Jansen,2023,TOR,c,4.05,3500000.0,Cots,False,,,Danny,Jansen
A.J. Minter,2023,ATL,lhp,4.154,4287500.0,Cots,False,,,A.J.,Minter
Tomás Nido,2023,NYN,c,4.089,1575000.0,Cots,False,,,Tomás,Nido
Lane Thomas,2023,WAS,rf,3.014,2200000.0,Cots,False,,,Lane,Thomas
Thairo Estrada,2023,SFN,2b-ss,2.169,2250000.0,Cots,False,,,Thairo,Estrada
Luis Urías,2023,MIL,2b-ss,3.12,4700000.0,Cots,False,,,Luis,Urías
Kyle Higashioka,2023,NYA,c,4.005,1462500.0,Cots,False,,,Kyle,Higashioka
Devin Williams,2023,MIL,rhp,3.056,3350000.0,Cots,False,,,Devin,Williams
Jesus Lúzardo,2023,MIA,lhp-s,2.165,2450000.0,Cots,False,False,False,Jesus,Lúzardo
Ryan Helsley,2023,SLN,rhp,3.105,2150000.0,Cots,False,False,False,Ryan,Helsley
Victor Caratini,2023,MIL,c,5.051,2800000.0,Cots,False,,,Victor,Caratini
Mike Yastrzemski,2023,SFN,of,3.128,6100000.0,Cots,False,,,Mike,Yastrzemski
Scott Barlow,2023,KCA,rhp,4.03,5300000.0,Cots,False,,,Scott,Barlow
José Alvarado,2023,PHI,lhp,5.082,3450000.0,Cots,False,False,False,José,Alvarado
Nick Pivetta,2023,BOS,rhp-s,4.166,5350000.0,Cots,False,,,Nick,Pivetta
Tyler Mahle,2023,MIN,rhp-s,5.018,7500000.0,Cots,False,,,Tyler,Mahle
Tony Kemp,2023,OAK,2b-of,5.098,3725000.0,Cots,False,,,Tony,Kemp
Joe Jiménez,2023,ATL,rhp,5.061,2765000.0,Cots,False,,,Joe,Jiménez
Caleb Thielbar,2023,MIN,lhp,4.131,2400000.0,Cots,False,,,Caleb,Thielbar
Evan Phillips,2023,LAN,rhp,2.136,1300000.0,Cots,False,,,Evan,Phillips
Jason Adam,2023,TBA,rhp,2.132,1775000.0,Cots,False,False,False,Jason,Adam
Victor Robles,2023,WAS,cf,4.033,,Cots,False,False,False,Victor,Robles
Santiago Espinal,2023,TOR,2b,2.149,2100000.0,Cots,False,,,Santiago,Espinal
Josh Naylor,2023,CLE,lf-1b,3.127,3350000.0,Cots,False,,,Josh,Naylor
Luis Guillorme,2023,NYN,inf,3.167,1600000.0,Cots,False,,,Luis,Guillorme
Isiah Kiner-Falefa,2023,NYA,ss,5.0,6000000.0,Cots,False,,,Isiah,Kiner-Falefa
Jordan Luplow,2023,ARI,of,4.108,,Cots,False,True,False,Jordan,Luplow
Emilio Pagán,2023,MIN,rhp,5.091,3500000.0,Cots,False,,,Emilio,Pagán
Reynaldo López,2023,CHA,rhp-s,5.004,3625000.0,Cots,False,,,Reynaldo,López
Michael King,2023,NYA,rhp,3.004,1300000.0,Cots,False,,,Michael,King
Erik Swanson,2023,TOR,rhp,3.096,1250000.0,Cots,False,,,Erik,Swanson
Jakob Junis,2023,SFN,rhp-s,5.002,2800000.0,Cots,False,,,Jakob,Junis
Paul Sewald,2023,SEA,rhp,4.072,4100000.0,Cots,False,,,Paul,Sewald
Jordan Romano,2023,TOR,rhp,3.051,4537500.0,Cots,False,,,Jordan,Romano
Kyle Farmer,2023,MIN,inf,4.129,5585000.0,Cots,False,,,Kyle,Farmer
Kyle Finnegan,2023,WAS,rhp,3.0,2325000.0,Cots,False,,,Kyle,Finnegan
Mitch Keller,2023,PIT,rhp,3.026,2437500.0,Cots,False,,,Mitch,Keller
Lucas Giolito,2023,CHA,rhp-s,5.08,10400000.0,Cots,False,,,Lucas,Giolito
Brian Anderson,2023,MIA,3b,5.031,,Cots,False,True,False,Brian,Anderson
Tanner Scott,2023,MIA,lhp,4.059,2825000.0,Cots,False,,,Tanner,Scott
Jon Berti,2023,MIA,3b,3.168,,Cots,False,False,False,Jon,Berti
Aaron Civale,2023,CLE,rhp,3.058,2600000.0,Cots,False,,,Aaron,Civale
Dillon Tate,2023,BAL,rhp,3.048,1500000.0,Cots,False,,,Dillon,Tate
Nick Senzel,2023,CIN,of-3b,3.15,1950000.0,Cots,False,,,Nick,Senzel
Josh Rojas,2023,ARI,2b,2.152,2575000.0,Cots,False,False,False,Josh,Rojas
Trevor Richards,2023,TOR,rhp-s,4.084,1500000.0,Cots,False,,,Trevor,Richards
JT Brubaker,2023,PIT,rhp,3.0,2275000.0,Cots,False,,,JT,Brubaker
Harold Ramirez,2023,TBA,of,3.124,2200000.0,Cots,False,False,False,Harold,Ramirez
Dylan Moore,2023,SEA,3b,4.0,,Cots,True,False,False,Dylan,Moore
James Karinchak,2023,CLE,rhp,2.169,1500000.0,Cots,False,,,James,Karinchak
Clay Holmes,2023,NYA,rhp,4.031,3300000.0,Cots,False,,,Clay,Holmes
Seranthony Domínguez,2023,PHI,rhp,4.131,,Cots,True,False,False,Seranthony,Domínguez
Shawn Armstrong,2023,TBA,rhp,4.113,1200000.0,Cots,False,,,Shawn,Armstrong
Jalen Beeks,2023,TBA,lhp,4.07,1375000.0,Cots,False,,,Jalen,Beeks
Carson Kelly,2023,ARI,c,4.161,4275000.0,Cots,False,,,Carson,Kelly
Mitch Garver,2023,TEX,c,5.045,3900000.0,Cots,False,,,Mitch,Garver
Phil Maton,2023,HOU,rhp,5.047,2550000.0,Cots,False,,,Phil,Maton
Eric Lauer,2023,MIL,lhp,4.033,5075000.0,Cots,False,,,Eric,Lauer
Austin Slater,2023,SFN,of,4.147,3200000.0,Cots,False,,,Austin,Slater
Nick Madrigal,2023,CHN,2b,2.164,1225000.0,Cots,False,,,Nick,Madrigal
Jordan Hicks,2023,SLN,rhp-s,5.0,1837500.0,Cots,False,,,Jordan,Hicks
Jorge Mateo,2023,BAL,rf,3.0,2000000.0,Cots,False,,,Jorge,Mateo
Ramon Laureano,2023,OAK,cf,3.165,3550000.0,Cots,False,,,Ramon,Laureano
Joey Wendle,2023,MIA,3b-2b,5.088,6000000.0,Cots,False,,,Joey,Wendle
Jordan Montgomery,2023,SLN,lhp-s,5.153,10000000.0,Cots,False,,,Jordan,Montgomery
Carl Edwards Jr.,2023,WAS,rhp,5.169,2250000.0,Cots,False,,,Carl,Edwards Jr.
Trent Grisham,2023,SDN,cf,3.06,3175000.0,Cots,False,,,Trent,Grisham
Ryne Stanek,2023,HOU,rhp,5.038,3600000.0,Cots,False,,,Ryne,Stanek
Kevin Newman,2023,CIN,2b,4.046,2662500.0,Cots,False,,,Kevin,Newman
Cal Quantrill,2023,CLE,rhp-s,3.132,5550000.0,Cots,False,,,Cal,Quantrill
Michael Kopech,2023,CHA,rhp,3.041,2050000.0,Cots,False,,,Michael,Kopech
Jorge Lopez,2023,MIN,rhp,4.102,3525000.0,Cots,False,,,Jorge,Lopez
Pete Fairbanks,2023,TBA,rhp,3.057,,Cots,True,False,False,Pete,Fairbanks
Ildemaro Vargas,2023,WAS,ss,3.007,975000.0,Cots,False,,,Ildemaro,Vargas
Aristides Aquíno,2023,CIN,rf,3.003,,Cots,False,True,False,Aristides,Aquíno
Ryan Brasier,2023,BOS,rhp,5.109,2000000.0,Cots,False,,,Ryan,Brasier
Duane Underwood,2023,PIT,rhp,3.044,1025000.0,Cots,False,,,Duane,Underwood
José Urquidy,2023,HOU,rhp-s,3.049,3025000.0,Cots,False,,,José,Urquidy
Taylor Clarke,2023,KCA,rhp,3.12,1150000.0,Cots,False,,,Taylor,Clarke
Hoby Milner,2023,MIL,lhp,3.068,1025000.0,Cots,False,,,Hoby,Milner
Buck Farmer,2023,CIN,rhp,5.14,1750000.0,Cots,False,,,Buck,Farmer
Brusdar Graterol,2023,LAN,rhp,2.167,1225000.0,Cots,False,,,Brusdar,Graterol
Drew Smith,2023,NYN,rhp,4.034,1300000.0,Cots,False,,,Drew,Smith
Willi Castro,2023,DET,ss,3.017,,Cots,False,True,False,Willi,Castro
Walker Buehler,2023,LAN,rhp-s,4.168,8025000.0,Cots,False,,,Walker,Buehler
Nicky Lopez,2023,KCA,2b,3.139,3700000.0,Cots,False,,,Nicky,Lopez
Diego Castillo,2023,SEA,rhp,4.118,2950000.0,Cots,False,False,False,Diego,Castillo
Daniel Vogelbach,2023,NYN,1b,4.138,,Cots,True,,,Daniel,Vogelbach
Tim Mayza,2023,TOR,lhp,3.156,2100000.0,Cots,False,,,Tim,Mayza
Jarlín García,2023,SFN,lhp,5.114,,Cots,False,True,False,Jarlín,García
Wandy Peralta,2023,NYA,lhp,5.168,3350000.0,Cots,False,,,Wandy,Peralta
Adam Cimber,2023,TOR,rhp,4.156,3150000.0,Cots,False,,,Adam,Cimber
LaMonte Wade,2023,SFN,lf,3.035,1375000.0,Cots,False,,,LaMonte,Wade
Rowan Wick,2023,CHN,rhp,3.114,1550000.0,Cots,False,,,Rowan,Wick
Brad Keller,2023,KCA,rhp,5.0,5775000.0,Cots,False,,,Brad,Keller
Victor Arano,2023,WAS,rhp,3.022,925000.0,Cots,False,,,Victor,Arano
Trayce Thompson,2023,LAN,of,3.01,1450000.0,Cots,False,,,Trayce,Thompson
Hunter Harvey,2023,WAS,rhp,3.047,870000.0,Cots,False,,,Hunter,Harvey
Rob Refsnyder,2023,BOS,2b-of,4.048,1200000.0,Cots,False,,,Rob,Refsnyder
Frankie Montas,2023,NYA,rhp-s,5.015,7500000.0,Cots,False,,,Frankie,Montas
Tyler O'Neill,2023,SLN,lf,4.059,4950000.0,Cots,False,,,Tyler,O'Neill
Dylan Floro,2023,MIA,rhp,5.053,3900000.0,Cots,False,,,Dylan,Floro
Lucas Luetge,2023,ATL,lhp,4.015,1550000.0,Cots,False,,,Lucas,Luetge
Christian Arroyo,2023,BOS,3b,4.036,2000000.0,Cots,False,,,Christian,Arroyo
Rafael Oretga,2023,CHN,lf,2.145,,Cots,False,True,False,Rafael,Oretga
Trevor Gott,2023,MIL,rhp,4.057,,Cots,False,True,False,Trevor,Gott
Colin Poche,2023,TBA,lhp,3.109,1175000.0,Cots,False,False,False,Colin,Poche
José Ruiz,2023,CHA,rhp,3.048,925000.0,Cots,False,,,José,Ruiz
Dennis Santana,2023,ATL,rhp,3.095,1000000.0,Cots,False,,,Dennis,Santana
Aramis Garcia,2023,BAL,c,3.036,,Cots,False,False,True,Aramis,Garcia
Austin Voth,2023,BAL,rhp,3.127,1850000.0,Cots,False,False,False,Austin,Voth
Paul Blackburn,2023,OAK,rhp,3.018,1900000.0,Cots,False,,,Paul,Blackburn
Cody Bellinger,2023,LAN,1b-of,5.16,,Cots,False,True,False,Cody,Bellinger
Austin Meadows,2023,DET,rf,4.074,4300000.0,Cots,False,,,Austin,Meadows
Austin Nola,2023,SDN,c,3.106,2350000.0,Cots,False,,,Austin,Nola
Matt Bush,2023,MIL,rhp,4.132,1850000.0,Cots,False,,,Matt,Bush
Garrett Cooper,2023,MIA,rf-1b,5.053,4200000.0,Cots,False,,,Garrett,Cooper
Ryan Thompson,2023,TBA,rhp,3.0,1000000.0,Cots,False,False,False,Ryan,Thompson
Abraham Toro,2023,MIL,3b,2.149,1250000.0,Cots,False,,,Abraham,Toro
Yency Almonte,2023,LAN,rhp,3.143,1500000.0,Cots,False,,,Yency,Almonte
Kyle Garlick,2023,MIN,rf,2.163,750000.0,Cots,False,,,Kyle,Garlick
Jaime Barría,2023,ANA,rhp,3.035,1050000.0,Cots,False,,,Jaime,Barría
Josh Hader,2023,SDN,rhp-c,5.115,14100000.0,Cots,False,,,Josh,Hader
Dinelson Lamet,2023,COL,rhp-s,5.07,5000000.0,Cots,False,,,Dinelson,Lamet
Jacob Stallings,2023,MIA,c,4.149,3350000.0,Cots,False,,,Jacob,Stallings
Domingo Germán,2023,NYA,rhp-s,4.017,2600000.0,Cots,False,,,Domingo,Germán
Amir Garrett,2023,KCA,lhp,5.099,2650000.0,Cots,False,,,Amir,Garrett
Lou Trivino,2023,NYA,rhp,4.163,4100000.0,Cots,False,,,Lou,Trivino
John Brebbia,2023,SFN,rhp,5.078,2300000.0,Cots,False,,,John,Brebbia
Raimel Tapia,2023,TOR,of,5.02,,Cots,False,True,False,Raimel,Tapia
Tanner Rainey,2023,WAS,rhp,3.127,1500000.0,Cots,False,,,Tanner,Rainey
Cole Sulser,2023,ARI,rhp,3.028,825000.0,Cots,False,,,Cole,Sulser
Tyler Kinley,2023,COL,rhp,4.014,,Cots,True,,,Tyler,Kinley
Brett Martin,2023,TEX,lhp,3.151,1275000.0,Cots,False,,,Brett,Martin
Josh Staumont,2023,KCA,rhp,3.072,1025000.0,Cots,False,,,Josh,Staumont
Zack Littell,2023,SFN,rhp,3.067,,Cots,False,False,True,Zack,Littell
Gregory Soto,2023,PHI,lhp,3.102,3925000.0,Cots,False,,,Gregory,Soto
Christian Bethancourt,2023,TBA,c-lf,3.038,1350000.0,Cots,False,,,Christian,Bethancourt
Rony García,2023,DET,rhp,2.138,830000.0,Cots,False,,,Rony,García
Brent Suter,2023,COL,lhp,5.161,3000000.0,Cots,False,,,Brent,Suter
Jonathan Loáisiga,2023,NYA,rhp,4.022,2262500.0,Cots,False,,,Jonathan,Loáisiga
Luis Cessa,2023,CIN,rhp,5.131,2650000.0,Cots,False,,,Luis,Cessa
Dustin May,2023,LAN,rhp,3.059,1675000.0,Cots,False,,,Dustin,May
Caleb Ferguson,2023,LAN,lhp,4.088,1100000.0,Cots,False,,,Caleb,Ferguson
Jeff Hoffman,2023,CIN,rhp-s,4.105,,Cots,False,True,False,Jeff,Hoffman
Touki Toussaint,2023,ANA,rhp,2.135,,Cots,False,True,False,Touki,Toussaint
Austin Pruitt,2023,OAK,rhp,4.055,,Cots,False,False,True,Austin,Pruitt
Danny Mendick,2023,CHA,ss,2.168,,Cots,False,True,False,Danny,Mendick
Alex Young,2023,SFN,lhp-s,2.143,,Cots,False,True,False,Alex,Young
Jandel Gustave,2023,MIL,rhp,4.027,,Cots,False,True,False,Jandel,Gustave
Jeff Brigham,2023,NYN,rhp,3.01,760000.0,Cots,False,,,Jeff,Brigham
Jake Cave,2023,BAL,of,3.137,950000.0,Cots,False,,,Jake,Cave
Keston Hiura,2023,MIL,2b,3.009,2200000.0,Cots,False,,,Keston,Hiura
Chris Paddack,2023,MIN,rhp-s,4.0,2400000.0,Cots,False,,,Chris,Paddack
Luke Weaver,2023,SEA,rhp,5.112,,Cots,False,True,False,Luke,Weaver
Luke Voit,2023,WAS,1b,4.169,,Cots,False,True,False,Luke,Voit
Jeimer Candelario,2023,DET,3b,5.038,,Cots,False,True,False,Jeimer,Candelario
Chris Stratton,2023,SLN,rhp-s,5.1,2800000.0,Cots,False,,,Chris,Stratton
Robert Stephenson,2023,PIT,rhp,5.049,1750000.0,Cots,False,,,Robert,Stephenson
Luke Maile,2023,CLE,c,5.148,,Cots,False,True,False,Luke,Maile
Andrew Kittredge,2023,TBA,rhp,4.07,2075000.0,Cots,False,,,Andrew,Kittredge
Reyes Moronta,2023,ARI,rhp,4.111,,Cots,False,True,False,Reyes,Moronta
José Cisnero,2023,DET,rhp,5.02,2287500.0,Cots,False,,,José,Cisnero
Kyle Crick,2023,CHA,rhp,5.027,,Cots,False,False,True,Kyle,Crick
Derek Law,2023,CIN,rhp,3.081,,Cots,False,True,False,Derek,Law
JT Chargois,2023,MIA,rhp,3.101,850000.0,Cots,False,,,JT,Chargois
Tyler Rogers,2023,SFN,rhp,3.034,1675000.0,Cots,False,,,Tyler,Rogers
Jonathan Hernández,2023,TEX,rhp,3.041,995000.0,Cots,False,,,Jonathan,Hernández
Trent Thornton,2023,TOR,rhp-s,3.073,1000000.0,Cots,False,,,Trent,Thornton
Cody Stashak,2023,MIN,rhp,3.064,,Cots,False,False,True,Cody,Stashak
Adrian Morejon,2023,SDN,lhp,3.013,800000.0,Cots,False,,,Adrian,Morejon
Adrian Sampson,2023,CHN,rhp,2.117,1900000.0,Cots,False,,,Adrian,Sampson
Mike Brosseau,2023,MIL,3b,3.031,1400000.0,Cots,False,,,Mike,Brosseau
Anthony Gose,2023,CLE,lhp,3.139,,Cots,False,True,False,Anthony,Gose
Harold Castro,2023,DET,3b,3.141,,Cots,False,True,False,Harold,Castro
Jack Flaherty,2023,SLN,rhp-s,5.006,5400000.0,Cots,False,,,Jack,Flaherty
Guillermo Heredia,2023,ATL,of,5.112,,Cots,False,True,False,Guillermo,Heredia
Cavan Biggio,2023,TOR,2b,3.129,2800000.0,Cots,False,,,Cavan,Biggio
Reese McGuire,2023,BOS,c,3.027,1225000.0,Cots,False,,,Reese,McGuire
Adalberto Mondesi,2023,KCA,ss,5.088,3045000.0,Cots,False,,,Adalberto,Mondesi
Miguel Andújar,2023,PIT,3b,4.002,1525000.0,Cots,False,,,Miguel,Andújar
Ranger Suárez,2023,PHI,lhp-s,3.112,2950000.0,Cots,False,,,Ranger,Suárez
Tim Hill,2023,SDN,lhp,4.112,1850000.0,Cots,False,,,Tim,Hill
Cam Gallagher,2023,BAL,c,4.073,,Cots,False,False,True,Cam,Gallagher
Mauricio Dubón,2023,HOU,ss,2.162,1400000.0,Cots,False,,,Mauricio,Dubón
Yonny Chirinos,2023,TBA,rhp-s,4.137,1275000.0,Cots,False,,,Yonny,Chirinos
Tom Murphy,2023,SEA,c,5.092,1625000.0,Cots,False,,,Tom,Murphy
Scott Alexander,2023,SFN,lhp,5.08,1200000.0,Cots,False,,,Scott,Alexander
Garrett Hampson,2023,COL,2b-ss,4.03,,Cots,False,True,False,Garrett,Hampson
Luis Perdomo,2023,MIL,rhp,5.034,,Cots,False,True,False,Luis,Perdomo
Edmundo Sosa,2023,PHI,ss,2.14,950000.0,Cots,False,,,Edmundo,Sosa
Steven Brault,2023,CHN,lhp-s,4.167,,Cots,False,False,True,Steven,Brault
Kyle Lewis,2023,ARI,of,2.146,1610000.0,Cots,False,,,Kyle,Lewis
Tim Locastro,2023,NYA,2b-of,3.122,,Cots,False,False,True,Tim,Locastro
Zach Plesac,2023,CLE,rhp,3.086,2950000.0,Cots,False,,,Zach,Plesac
Ryan Borucki,2023,SEA,lhp-s,4.066,,Cots,False,True,,Ryan,Borucki
Keynan Middleton,2023,ARI,rhp,5.023,,Cots,False,False,True,Keynan,Middleton
Yairo Munoz,2023,PHI,ss,3.003,,Cots,False,False,True,Yairo,Munoz
Chad Wallach,2023,ANA,c,3.03,,Cots,False,False,True,Chad,Wallach
Yu-Cheng Chang,2023,BOS,ss,3.007,,Cots,False,True,False,Yu-Cheng,Chang
Ty Blach,2023,COL,lhp-s,3.007,,Cots,False,,True,Ty,Blach
Franchy Cordero,2023,BOS,cf-rf,4.092,,Cots,False,True,False,Franchy,Cordero
Tyler Matzek,2023,ATL,lhp,4.019,,Cots,True,False,False,Tyler,Matzek
Lucas Sims,2023,CIN,rhp,4.014,1267500.0,Cots,False,,,Lucas,Sims
Daniel Coulombe,2023,MIN,lhp,4.008,,Cots,False,False,True,Daniel,Coulombe
J.D. Davis,2023,SFN,3b,4.137,4210000.0,Cots,False,,,J.D.,Davis
Elieser Hernandez,2023,NYN,rhp,4.051,1600000.0,Cots,False,,,Elieser,Hernandez
Austin Adams L.,2023,SDN,rhp,4.015,,Cots,False,False,True,Austin,Adams L.
Jorge Alcala,2023,MIN,rhp,3.014,790000.0,Cots,False,,,Jorge,Alcala
Silvino Bracho,2023,ATL,rhp,3.099,,Cots,False,True,False,Silvino,Bracho
Sam Coonrod,2023,PHI,rhp,3.078,775000.0,Cots,False,,,Sam,Coonrod
Miguel Diaz,2023,DET,rhp,2.132,,Cots,False,True,False,Miguel,Diaz
José Castillo,2023,SDN,lhp,3.125,730000.0,Cots,False,,,José,Castillo
Roman Quinn,2023,TBA,of,4.035,,Cots,False,False,True,Roman,Quinn
Jharel Cotton,2023,SFN,rhp-s,3.162,,Cots,False,False,True,Jharel,Cotton
Blake Taylor,2023,HOU,lhp,3.0,830000.0,Cots,False,,,Blake,Taylor
Edwin Ríos,2023,LAN,3b,3.003,,Cots,False,True,False,Edwin,Ríos
Andrew Knizner,2023,SLN,c,3.021,1100000.0,Cots,False,,,Andrew,Knizner
Franmil Reyes,2023,CHN,rf,4.115,,Cots,False,False,True,Franmil,Reyes
Caleb Smith,2023,ARI,lhp-s,5.077,,Cots,False,True,False,Caleb,Smith
Austin Gomber,2023,COL,lhp,3.111,1650000.0,Cots,False,,,Austin,Gomber
Génesis Cabrera,2023,SLN,lhp,3.011,950000.0,Cots,False,False,False,Génesis,Cabrera
Bradley Zimmer,2023,TOR,of,4.077,,Cots,False,True,False,Bradley,Zimmer
Dominic Smith,2023,NYN,1b,4.081,,Cots,False,True,False,Dominic,Smith
Taylor Hearn,2023,TEX,lhp,3.125,1462500.0,Cots,False,,,Taylor,Hearn
Adrian Houser,2023,MIL,rhp-s,4.01,3600000.0,Cots,False,,,Adrian,Houser
Jorge Alfaro,2023,SDN,c,5.083,,Cots,False,True,False,Jorge,Alfaro
Alec Mills,2023,CHN,rhp,3.097,,Cots,False,False,True,Alec,Mills
Ryan O'Hearn,2023,KCA,1b,4.002,1400000.0,Cots,False,,,Ryan,O'Hearn
Ji-Man Choi,2023,PIT,1b,5.076,4650000.0,Cots,False,False,False,Ji-Man,Choi
Francisco Mejía,2023,TBA,c,4.062,2155000.0,Cots,False,,,Francisco,Mejía
Luke Raley,2023,TBA,rf,3.045,,Cots,False,,True,Luke,Raley
Luis Torrens,2023,SEA,c,3.091,,Cots,False,,True,Luis,Torrens
Victor Reyes,2023,DET,rf,4.075,,Cots,False,False,True,Victor,Reyes
Ryan Yarbrough,2023,TBA,lhp-s,4.117,,Cots,False,True,False,Ryan,Yarbrough
Justin Dunn,2023,CIN,rhp,3.016,900000.0,Cots,False,,,Justin,Dunn
Adam Engel,2023,CHA,of,5.058,,Cots,False,True,False,Adam,Engel
Jared Walsh,2023,ANA,1b-rf,3.01,2650000.0,Cots,False,,,Jared,Walsh
Kris Bubic,2023,KCA,lhp-s,2.135,2200000.0,Cots,False,,,Kris,Bubic
Erick Fedde,2023,WAS,rhp,4.099,,Cots,False,True,False,Erick,Fedde
Dakota Hudson,2023,SLN,rhp-s,4.062,2650000.0,Cots,False,,,Dakota,Hudson
Tyler Alexander,2023,DET,lhp,3.058,1875000.0,Cots,False,,,Tyler,Alexander
Joey Lucchesi,2023,NYN,lhp-s,4.067,1150000.0,Cots,False,,,Joey,Lucchesi
Mike Soroka,2023,ATL,rhp-s,4.122,2800000.0,Cots,False,,,Mike,Soroka
Josh James,2023,HOU,rhp,3.11,,Cots,False,True,False,Josh,James
Alex Reyes,2023,SLN,rhp-s,5.056,,Cots,False,True,False,Alex,Reyes
Nick Anderson,2023,TBA,rhp,3.153,,Cots,False,False,True,Nick,Anderson
Josh Taylor,2023,BOS,lhp,3.121,1025000.0,Cots,False,,,Josh,Taylor
Tejay Antone,2023,CIN,rhp,3.0,770000.0,Cots,False,,,Tejay,Antone
Casey Sadler,2023,SEA,rhp,4.035,,Cots,False,,,Casey,Sadler
Griffin Canning,2023,ANA,rhp,3.075,850000.0,Cots,False,,,Griffin,Canning
John Curtiss,2023,NYN,rhp,3.045,,Cots,False,,,John,Curtiss
Deolis Guerra,2023,OAK,rhp,4.071,,Cots,False,True,False,Deolis,Guerra
Codi Heuer,2023,CHN,rhp,3.0,785000.0,Cots,False,,,Codi,Heuer
Brad Wieck,2023,CHN,lhp,3.085,,Cots,False,False,True,Brad,Wieck
Kyle Funkhouser,2023,DET,rhp,2.133,,Cots,False,True,False,Kyle,Funkhouser
Juan Soto,2024,SDN,lf,5.134,,Cots,False,,,Juan,Soto
Zac Gallen,2024,ARI,rhp-s,4.1,,Cots,False,,,Zac,Gallen
Kyle Tucker,2024,HOU,rf,4.079,,Cots,False,,,Kyle,Tucker
Vladimir Guerrero Jr.,2024,TOR,1b,4.157,,Cots,False,,,Vladimir,Guerrero Jr.
Luis Arraez,2024,MIA,2b,4.121,,Cots,False,,,Luis,Arraez
Jonah Heim,2024,TEX,c,3.097,,Cots,False,,,Jonah,Heim
Framber Valdez,2024,HOU,lhp-s,4.163,,Cots,False,,,Framber,Valdez
Justin Steele,2024,CHN,lhp-s,2.143,,Cots,False,,,Justin,Steele
Adolis García,2024,TEX,rf,3.095,,Cots,False,,,Adolis,García
Logan Gilbert,2024,SEA,rhp-s,2.144,,Cots,False,,,Logan,Gilbert
Pete Alonso,2024,NYN,1b,5.0,,Cots,False,,,Pete,Alonso
Gleyber Torres,2024,NYA,2b,5.162,,Cots,False,,,Gleyber,Torres
Mitch Keller,2024,PIT,rhp-s,4.026,,Cots,False,,,Mitch,Keller
Alejandro Kirk,2024,TOR,c,3.047,,Cots,False,,,Alejandro,Kirk
Alex Verdugo,2024,BOS,rf,5.078,,Cots,False,,,Alex,Verdugo
Nick Pivetta,2024,BOS,rhp-s,5.166,,Cots,False,,,Nick,Pivetta
Corbin Burnes,2024,MIL,rhp-s,5.049,,Cots,False,,,Corbin,Burnes
Will Smith,2024,LAN,c,4.09,,Cots,False,,,Will,Smith
Randy Arozarena,2024,TBA,lf,3.129,,Cots,False,,,Randy,Arozarena
Alec Bohm,2024,PHI,3b,3.106,,Cots,False,,,Alec,Bohm
Christian Walker,2024,ARI,1b,5.124,,Cots,False,,,Christian,Walker
Jesus Lúzardo,2024,MIA,lhp-s,3.165,,Cots,False,,,Jesus,Lúzardo
Willy Adames,2024,MIL,ss,5.105,,Cots,False,,,Willy,Adames
Griffin Canning,2024,ANA,rhp,4.075,,Cots,False,,,Griffin,Canning
Luis Rengifo,2024,ANA,2b,4.043,,Cots,False,,,Luis,Rengifo
Michael King,2024,NYA,rhp,4.004,,Cots,False,,,Michael,King
Andrew Vaughn,2024,CHA,1b,3.0,,Cots,False,,,Andrew,Vaughn
Tarik Skubal,2024,DET,lhp,3.114,,Cots,False,,,Tarik,Skubal
Tanner Scott,2024,MIA,lhp-c,5.059,,Cots,False,,,Tanner,Scott
Josh Naylor,2024,CLE,1b,4.127,,Cots,False,,,Josh,Naylor
Lane Thomas,2024,WAS,rf,4.014,,Cots,False,,,Lane,Thomas
LaMonte Wade Jr.,2024,SFN,1b,4.035,,Cots,False,,,LaMonte,Wade Jr.
Tommy Edman,2024,SLN,ss,4.114,,Cots,False,,,Tommy,Edman
Ildemaro Vargas,2024,WAS,2b,4.007,,Cots,False,,,Ildemaro,Vargas
Shane McClanahan,2024,TBA,lhp-s,2.158,,Cots,False,,,Shane,McClanahan
Jonathan India,2024,CIN,2b,3.0,,Cots,False,,,Jonathan,India
Clarke Schmidt,2024,NYA,rhp-s,2.148,,Cots,False,,,Clarke,Schmidt
Jake Rogers,2024,DET,c,3.04,,Cots,False,,,Jake,Rogers
Danny Jansen,2024,TOR,c,5.05,,Cots,False,,,Danny,Jansen
Brady Singer,2024,KCA,rhp-s,3.156,,Cots,False,,,Brady,Singer
Anthony Santander,2024,BAL,rf,5.162,,Cots,False,,,Anthony,Santander
Mauricio Dubón,2024,HOU,2b,3.162,,Cots,False,,,Mauricio,Dubón
Isaac Paredes,2024,TBA,3b,2.16,,Cots,False,,,Isaac,Paredes
Shane Bieber,2024,CLE,rhp-s,5.097,,Cots,False,,,Shane,Bieber
Max Fried,2024,ATL,lhp-s,5.148,,Cots,False,,,Max,Fried
Dane Dunning,2024,TEX,rhp-s,3.083,,Cots,False,,,Dane,Dunning
Bryan Abreu,2024,HOU,rhp,3.022,,Cots,False,,,Bryan,Abreu
Julian Merryweather,2024,CHN,rhp,3.109,,Cots,False,,,Julian,Merryweather
Ty France,2024,SEA,1b,4.089,,Cots,False,,,Ty,France
Ryan Mountcastle,2024,BAL,1b,3.105,,Cots,False,,,Ryan,Mountcastle
Ranger Suárez,2024,PHI,lhp-s,4.112,,Cots,False,,,Ranger,Suárez
Clay Holmes,2024,NYA,rhp-c,5.031,,Cots,False,,,Clay,Holmes
Brusdar Graterol,2024,LAN,rhp-c,3.167,,Cots,False,,,Brusdar,Graterol
David Peterson,2024,NYN,lhp-s,3.089,,Cots,False,,,David,Peterson
Joel Payamps,2024,MIL,rhp,3.027,,Cots,False,,,Joel,Payamps
Adrian Houser,2024,MIL,rhp,5.01,,Cots,False,,,Adrian,Houser
Kyle Higashioka,2024,NYA,c,5.005,,Cots,False,,,Kyle,Higashioka
Nathaniel Lowe,2024,TEX,1b,3.145,,Cots,False,,,Nathaniel,Lowe
A.J. Puk,2024,MIA,lhp,3.124,,Cots,False,,,A.J.,Puk
Edward Olivares,2024,KCA,of,3.049,,Cots,False,,,Edward,Olivares
Justin Topa,2024,SEA,rhp,3.044,,Cots,False,,,Justin,Topa
Cedric Mullins,2024,BAL,cf,4.078,,Cots,False,,,Cedric,Mullins
Dylan Cease,2024,CHA,rhp-s,4.089,,Cots,False,,,Dylan,Cease
A.J. Minter,2024,ATL,lhp,5.154,,Cots,False,,,A.J.,Minter
Daulton Varsho,2024,TOR,lf,3.128,,Cots,False,,,Daulton,Varsho
Devin Williams,2024,MIL,rhp-c,4.056,,Cots,False,,,Devin,Williams
Tyler Rogers,2024,SFN,rhp,4.034,,Cots,False,,,Tyler,Rogers
Trevor Richards,2024,TOR,rhp-s,5.084,,Cots,False,,,Trevor,Richards
Adbert Alzolay,2024,CHN,rhp-s,3.05,,Cots,False,,,Adbert,Alzolay
Akil Baddoo,2024,DET,of,2.119,,Cots,False,,,Akil,Baddoo
David Bednar,2024,PIT,rhp-c,3.076,,Cots,False,,,David,Bednar
Harold Ramírez,2024,TBA,dh-of,4.124,,Cots,False,,,Harold,Ramírez
Erik Swanson,2024,TOR,rhp,4.096,,Cots,False,,,Erik,Swanson
Hoby Milner,2024,MIL,lhp,4.068,,Cots,False,,,Hoby,Milner
Kevin Ginkel,2024,ARI,rhp,3.032,,Cots,False,,,Kevin,Ginkel
Gregory Soto,2024,PHI,lhp,4.102,,Cots,False,,,Gregory,Soto
Hunter Harvey,2024,WAS,rhp,4.047,,Cots,False,,,Hunter,Harvey
Luis García,2024,WAS,2b,2.142,,Cots,False,,,Luis,García
Brandon Woodruff,2024,MIL,rhp-s,5.161,,Cots,False,True,False,Brandon,Woodruff
Domingo Germán,2024,NYA,rhp-s,4.142,,Cots,False,False,True,Domingo,Germán
Tim Mayza,2024,TOR,lhp,4.156,,Cots,False,,,Tim,Mayza
Taylor Ward,2024,ANA,lf,3.164,,Cots,False,,,Taylor,Ward
Mark Leiter Jr.,2024,CHN,rhp,3.031,,Cots,False,,,Mark,Leiter Jr.
Evan Phillips,2024,LAN,rhp,3.136,,Cots,False,,,Evan,Phillips
Jazz Chisholm Jr.,2024,MIA,cf,3.075,,Cots,False,,,Jazz,Chisholm Jr.
Jeff Hoffman,2024,PHI,rhp,5.084,,Cots,False,,,Jeff,Hoffman
Austin Hays,2024,BAL,lf,4.057,,Cots,False,,,Austin,Hays
Daniel Coulombe,2024,BAL,lhp,5.008,,Cots,False,,,Daniel,Coulombe
Jordan Romano,2024,TOR,rhp-c,4.051,,Cots,False,,,Jordan,Romano
Kyle Finnegan,2024,WAS,rhp-c,4.0,,Cots,False,,,Kyle,Finnegan
Caleb Ferguson,2024,LAN,lhp,5.093,,Cots,False,,,Caleb,Ferguson
Michael Tonkin,2024,ATL,rhp,3.074,,Cots,False,True,False,Michael,Tonkin
Josh Sborz,2024,TEX,rhp,3.055,,Cots,False,,,Josh,Sborz
Willi Castro,2024,MIN,inf-of,4.017,,Cots,False,,,Willi,Castro
Jose Trevino,2024,NYA,c,4.063,,Cots,False,,,Jose,Trevino
Jason Adam,2024,TBA,rhp,3.132,,Cots,False,,,Jason,Adam
Sam Hentges,2024,CLE,lhp,2.157,,Cots,False,,,Sam,Hentges
Jake Fraley,2024,CIN,dh,3.097,,Cots,False,,,Jake,Fraley
Nick Sandlin,2024,CLE,rhp,2.157,,Cots,False,,,Nick,Sandlin
Chas McCormick,2024,HOU,cf,3.0,,Cots,False,,,Chas,McCormick
Dominic Smith,2024,WAS,1b,5.081,,Cots,False,True,False,Dominic,Smith
Drew Rasmussen,2024,TBA,rhp-s,3.111,,Cots,False,,,Drew,Rasmussen
Nick Madrigal,2024,CHN,2b,3.163,,Cots,False,,,Nick,Madrigal
Alex Vesia,2024,LAN,lhp,3.078,,Cots,False,,,Alex,Vesia
Mike Tauchman,2024,CHN,cf,3.143,,Cots,False,,,Mike,Tauchman
Jesús Sánchez,2024,MIA,of,2.118,,Cots,False,,,Jesús,Sánchez
Paul Blackburn,2024,OAK,rhp-s,4.018,,Cots,False,,,Paul,Blackburn
Ramón Laureano,2024,CLE,rf,4.165,,Cots,False,,,Ramón,Laureano
Tyler O'Neill,2024,SLN,lf,5.059,,Cots,False,,,Tyler,O'Neill
Dylan Carlson,2024,SLN,cf,3.104,,Cots,False,,,Dylan,Carlson
Shawn Armstrong,2024,TBA,rhp,5.113,,Cots,False,,,Shawn,Armstrong
Ryan Helsley,2024,SLN,rhp-c,4.105,,Cots,False,,,Ryan,Helsley
Tyler Wells,2024,BAL,rhp-s,2.132,,Cots,False,,,Tyler,Wells
Alex Young,2024,CIN,lhp,3.143,,Cots,False,,,Alex,Young
Ryan O'Hearn,2024,BAL,1b-of,4.17,,Cots,False,,,Ryan,O'Hearn
JoJo Romero,2024,SLN,lhp,3.045,,Cots,False,,,JoJo,Romero
Jon Berti,2024,MIA,lf-3b,4.168,,Cots,False,False,False,Jon,Berti
Thairo Estrada,2024,SFN,2b,3.169,,Cots,False,,,Thairo,Estrada
Brooks Raley,2024,NYN,lhp,4.045,,Cots,False,,,Brooks,Raley
Leody Taveras,2024,TEX,cf,2.124,,Cots,False,,,Leody,Taveras
Drew VerHagen,2024,SLN,rhp,5.066,,Cots,False,,,Drew,VerHagen
Enyel De Los Santos,2024,SDN,rhp,3.015,,Cots,False,,,Enyel,De Los Santos
Edmundo Sosa,2024,PHI,ss,3.14,,Cots,False,,,Edmundo,Sosa
Steven Okert,2024,MIA,lhp,3.109,,Cots,False,,,Steven,Okert
Cionel Pérez,2024,BAL,lhp,3.085,,Cots,False,,,Cionel,Pérez
Bryse Wilson,2024,MIL,rhp-s,3.036,,Cots,False,,,Bryse,Wilson
Nicky Lopez,2024,CHA,2b,4.139,,Cots,False,,,Nicky,Lopez
Aaron Civale,2024,TBA,rhp-s,4.058,,Cots,False,,,Aaron,Civale
Santiago Espinal,2024,TOR,2b,3.149,,Cots,False,,,Santiago,Espinal
Kyle Farmer,2024,MIN,inf,5.129,,Cots,False,,,Kyle,Farmer
JT Chargois,2024,MIA,rhp,4.101,,Cots,False,,,JT,Chargois
John Schreiber,2024,BOS,rhp,3.027,,Cots,False,,,John,Schreiber
Yency Almonte,2024,LAN,rhp,4.143,,Cots,False,,,Yency,Almonte
Brock Burke,2024,TEX,lhp,3.065,,Cots,False,,,Brock,Burke
Ryan Borucki,2024,PIT,lhp,5.006,,Cots,False,,,Ryan,Borucki
Colin Poche,2024,TBA,lhp,4.114,,Cots,False,,,Colin,Poche
Carlos Hernández,2024,KCA,rhp,2.145,,Cots,False,,,Carlos,Hernández
Tyler Alexander,2024,TBA,lhp,4.058,,Cots,False,,,Tyler,Alexander
Mike Yastrzemski,2024,SFN,cf,4.128,,Cots,False,,,Mike,Yastrzemski
Scott Barlow,2024,CLE,rhp,5.03,,Cots,False,,,Scott,Barlow
Jacob Stallings,2024,MIA,c,5.149,,Cots,False,True,False,Jacob,Stallings
Kyle Wright,2024,KCA,rhp-s,3.062,,Cots,False,,,Kyle,Wright
Tim Hill,2024,SDN,lhp,5.112,,Cots,False,True,False,Tim,Hill
Caleb Thielbar,2024,MIN,lhp,5.131,,Cots,False,,,Caleb,Thielbar
Ramón Urías,2024,BAL,2b,3.025,,Cots,False,,,Ramón,Urías
Joe Mantiply,2024,ARI,lhp,3.029,,Cots,False,,,Joe,Mantiply
Nick Anderson,2024,KCA,rhp,4.153,,Cots,False,,,Nick,Anderson
Jalen Beeks,2024,COL,lhp,5.003,,Cots,False,,,Jalen,Beeks
Ryan Yarbrough,2024,LAN,lhp-s,5.117,,Cots,False,,,Ryan,Yarbrough
Taylor Clarke,2024,KCA,rhp,4.12,,Cots,False,,,Taylor,Clarke
Jimmy Cordero,2024,NYA,rhp,3.061,,Cots,False,False,True,Jimmy,Cordero
Billy McKinney,2024,NYA,of,3.087,,Cots,False,False,True,Billy,McKinney
Patrick Sandoval,2024,ANA,lhp-s,3.149,,Cots,False,,,Patrick,Sandoval
Trevor Gott,2024,NYN,rhp,5.057,,Cots,False,True,False,Trevor,Gott
Ryan Jeffers,2024,MIN,c,3.089,,Cots,False,,,Ryan,Jeffers
Tyrone Taylor,2024,MIL,of,3.093,,Cots,False,,,Tyrone,Taylor
Victor González,2024,LAN,lhp,3.058,,Cots,False,,,Victor,González
Jonathan Hernández,2024,TEX,rhp,3.131,,Cots,False,,,Jonathan,Hernández
Albert Abreu,2024,NYA,rhp,2.118,,Cots,False,True,False,Albert,Abreu
Dylan Covey,2024,PHI,rhp,3.138,,Cots,False,,,Dylan,Covey
Peter Lambert,2024,COL,rhp,3.128,,Cots,False,,,Peter,Lambert
Andrew Knizner,2024,SLN,c,4.021,,Cots,False,True,False,Andrew,Knizner
Raimel Tapia,2024,TBA,of,5.144,,Cots,False,,,Raimel,Tapia
Seth Brown,2024,OAK,dh-1b,3.104,,Cots,False,,,Seth,Brown
Dustin May,2024,LAN,rhp-s,4.059,,Cots,False,,,Dustin,May
Nick Senzel,2024,CIN,of-3b,4.15,,Cots,False,True,False,Nick,Senzel
Lucas Sims,2024,CIN,rhp,5.014,,Cots,False,,,Lucas,Sims
Jake Cave,2024,PHI,rf,4.071,,Cots,False,,,Jake,Cave
Derek Law,2024,CIN,rhp,4.081,,Cots,False,True,False,Derek,Law
Josh Fleming,2024,PHI,lhp-s,2.144,,Cots,False,True,False,Josh,Fleming
Sam Haggerty,2024,SEA,2b,3.044,,Cots,False,,,Sam,Haggerty
Keegan Akin,2024,BAL,lhp,3.079,,Cots,False,,,Keegan,Akin
Jorge Mateo,2024,BAL,ss,4.0,,Cots,False,,,Jorge,Mateo
Jeff Brigham,2024,NYN,rhp,3.142,,Cots,False,True,False,Jeff,Brigham
Luis Urías,2024,SEA,3b,4.098,,Cots,False,,,Luis,Urías
Luis Garcia,2024,HOU,rhp-s,3.083,,Cots,False,,,Luis,Garcia
Trent Grisham,2024,SDN,cf,4.06,,Cots,False,,,Trent,Grisham
Victor Robles,2024,WAS,cf,5.033,,Cots,False,,,Victor,Robles
Michael Soroka,2024,CHA,rhp-s,5.009,,Cots,False,,,Michael,Soroka
James Karinchak,2024,CLE,rhp,3.099,,Cots,False,,,James,Karinchak
Connor Joe,2024,PIT,1b,2.136,,Cots,False,,,Connor,Joe
John King,2024,SLN,lhp,2.148,,Cots,False,,,John,King
Josh Taylor,2024,KCA,rhp,4.118,,Cots,False,,,Josh,Taylor
Patrick Wisdom,2024,CHN,3b-1b,3.058,,Cots,False,,,Patrick,Wisdom
Génesis Cabrera,2024,TOR,lhp,4.011,,Cots,False,,,Génesis,Cabrera
Drew Smith,2024,NYN,rhp,5.034,,Cots,False,,,Drew,Smith
Austin Adams L.,2024,ARI,rhp,4.15,,Cots,False,,,Austin,Adams L.
Trey Wingenter,2024,DET,rhp,4.017,,Cots,False,False,True,Trey,Wingenter
Josh Staumont,2024,KCA,rhp,4.071,,Cots,False,True,False,Josh,Staumont
Jacob Webb,2024,BAL,rhp,3.046,,Cots,False,,,Jacob,Webb
Nick Gordon,2024,MIN,ss,2.136,,Cots,False,,,Nick,Gordon
Christian Bethancourt,2024,CLE,c,4.038,,Cots,False,,,Christian,Bethancourt
José De León,2024,MIN,rhp-s,3.062,,Cots,False,False,True,José,De León
Mike Ford,2024,SEA,1b,3.008,,Cots,False,True,False,Mike,Ford
Nate Pearson,2024,TOR,rhp,3.005,,Cots,False,,,Nate,Pearson
Cole Irvin,2024,BAL,lhp-s,3.083,,Cots,False,,,Cole,Irvin
Paul Sewald,2024,ARI,rhp,5.072,,Cots,False,,,Paul,Sewald
Adam Cimber,2024,TOR,rhp,5.156,,Cots,False,True,False,Adam,Cimber
Sean Newcomb,2024,OAK,lhp-s,4.113,,Cots,False,,,Sean,Newcomb
Jonathan Loáisiga,2024,NYA,rhp,5.022,,Cots,False,,,Jonathan,Loáisiga
Andrew Kittredge,2024,TBA,rhp,5.07,,Cots,False,,,Andrew,Kittredge
Trevor Rogers,2024,MIA,lhp-s,3.094,,Cots,False,,,Trevor,Rogers
Dakota Hudson,2024,SLN,rhp-s,4.156,,Cots,False,True,False,Dakota,Hudson
Yonny Chirinos,2024,ATL,rhp-s,5.114,,Cots,False,False,False,Yonny,Chirinos
Joely Rodriguez,2024,BOS,lhp,4.096,,Cots,False,,,Joely,Rodriguez
Ryan Thompson,2024,ARI,rhp,3.095,,Cots,False,,,Ryan,Thompson
Phil Bickford,2024,NYN,rhp,2.134,,Cots,False,,,Phil,Bickford
DJ Stewart,2024,NYN,of,2.168,,Cots,False,,,DJ,Stewart
Austin Slater,2024,SFN,of,5.147,,Cots,False,,,Austin,Slater
Ryan Weber,2024,NYA,rhp,3.167,,Cots,False,False,True,Ryan,Weber
Jimmy Herget,2024,ANA,rhp,2.152,,Cots,False,,,Jimmy,Herget
John Curtiss,2024,NYN,rhp,3.137,,Cots,False,False,True,John,Curtiss
Jake Woodford,2024,SLN,rhp-s,3.048,,Cots,False,True,False,Jake,Woodford
Sean Reid-Foley,2024,NYN,rhp,2.133,,Cots,False,,,Sean,Reid-Foley
Ben Heller,2024,ATL,rhp,3.102,,Cots,False,False,True,Ben,Heller
Kris Bubic,2024,KCA,lhp-s,3.135,,Cots,False,,,Kris,Bubic
Brendan Rodgers,2024,COL,ss,4.075,,Cots,False,,,Brendan,Rodgers
Matt Bush,2024,TEX,rhp,5.058,,Cots,False,True,False,Matt,Bush
Cavan Biggio,2024,TOR,2b,4.129,,Cots,False,,,Cavan,Biggio
Jacob Barnes,2024,SLN,rhp,5.112,,Cots,False,False,False,Jacob,Barnes
Spencer Turnbull,2024,DET,rhp-s,5.02,,Cots,False,True,False,Spencer,Turnbull
Matt Bowman,2024,NYA,rhp,4.043,,Cots,False,False,True,Matt,Bowman
Miguel Andujar,2024,OAK,3b,4.053,,Cots,False,,,Miguel,Andujar
Luis Guillorme,2024,NYN,inf,4.159,,Cots,False,True,False,Luis,Guillorme
Reese McGuire,2024,BOS,cf,4.027,,Cots,False,,,Reese,McGuire
Abraham Toro,2024,OAK,3b,3.011,,Cots,False,,,Abraham,Toro
Wander Suero,2024,LAN,rhp,3.144,,Cots,False,False,True,Wander,Suero
Cam Gallagher,2024,CLE,c,5.073,,Cots,False,False,True,Cam,Gallagher
Jorge Alcala,2024,MIN,rhp,4.014,,Cots,False,,,Jorge,Alcala
José Quijada,2024,ANA,lhp,3.046,,Cots,False,,,José,Quijada
Tejay Antone,2024,CIN,rhp,4.0,,Cots,False,,,Tejay,Antone
José Urquidy,2024,HOU,rhp-s,4.049,,Cots,False,,,José,Urquidy
Trent Thornton,2024,SEA,rhp-s,3.148,,Cots,False,,,Trent,Thornton
Adrian Morejon,2024,SDN,lhp,3.14,,Cots,False,,,Adrian,Morejon
Franchy Cordero,2024,NYA,cf-rf,4.16,,Cots,False,False,True,Franchy,Cordero
Ryan McKenna,2024,BAL,of,2.123,,Cots,False,,,Ryan,McKenna
Jaime Barría,2024,ANA,rhp,4.035,,Cots,False,,,Jaime,Barría
Kolby Allard,2024,ATL,lhp,3.162,,Cots,False,True,False,Kolby,Allard
Taylor Hearn,2024,KCA,lhp,3.165,,Cots,False,False,False,Taylor,Hearn
James Kaprielian,2024,OAK,rhp-s,2.167,,Cots,False,,,James,Kaprielian
Austin Meadows,2024,DET,rf,5.074,,Cots,False,True,False,Austin,Meadows
Jordan Luplow,2024,MIN,of,5.025,,Cots,False,False,False,Jordan,Luplow
Daniel Vogelbach,2024,NYN,dh-1b,5.138,,Cots,False,True,False,Daniel,Vogelbach
Triston McKenzie,2024,CLE,rhp-s,3.074,,Cots,False,,,Triston,McKenzie
Austin Nola,2024,SDN,c,4.045,,Cots,False,True,False,Austin,Nola
Zack Littell,2024,TBA,rhp,4.043,,Cots,False,,,Zack,Littell
Josh Rojas,2024,SEA,2b,3.126,,Cots,False,,,Josh,Rojas
Rafael Oretga,2024,NYN,lf,3.035,,Cots,False,False,True,Rafael,Oretga
Touki Toussaint,2024,CHA,rhp,3.071,,Cots,False,,,Touki,Toussaint
Cole Sulser,2024,TBA,rhp,3.157,,Cots,False,,,Cole,Sulser
Tanner Rainey,2024,WAS,rhp,4.127,,Cots,False,,,Tanner,Rainey
Brett Phillips,2024,ANA,of,4.06,,Cots,False,,,Brett,Phillips
Harold Castro,2024,COL,3b,4.141,,Cots,False,,,Harold,Castro
Sam Coonrod,2024,NYN,rhp,4.078,,Cots,False,True,False,Sam,Coonrod
Garrett Crochet,2024,CHA,lhp,3.028,,Cots,False,,,Garrett,Crochet
Clint Frazier,2024,CHA,of,4.092,,Cots,False,,,Clint,Frazier
Nick Burdi,2024,CHN,rhp,3.14,,Cots,False,False,True,Nick,Burdi
Austin Wynns,2024,COL,c,3.09,,Cots,False,,,Austin,Wynns
Michael Pérez,2024,NYN,c,3.095,,Cots,False,False,True,Michael,Pérez
Rowdy Tellez,2024,MIL,1b,5.004,,Cots,False,True,False,Rowdy,Tellez
Joey Lucchesi,2024,NYN,lhp-s,4.112,,Cots,False,,,Joey,Lucchesi
Nestor Cortes,2024,NYA,lhp-s,4.094,,Cots,False,,,Nestor,Cortes
Garrett Hampson,2024,MIA,2b-ss,5.01,,Cots,False,True,False,Garrett,Hampson
Tim Locastro,2024,NYN,2b-of,4.122,,Cots,False,False,True,Tim,Locastro
Jake Bauers,2024,MIL,1b,3.084,,Cots,False,,,Jake,Bauers
Jared Walsh,2024,ANA,1b,3.114,,Cots,False,,,Jared,Walsh
Kyle Lewis,2024,ARI,of,3.067,,Cots,False,True,False,Kyle,Lewis
Danny Mendick,2024,NYN,ss,3.058,,Cots,False,False,True,Danny,Mendick
Drew Rucinski,2024,OAK,rhp,1.162,,Cots,False,,,Drew,Rucinski
Jonathan Davis,2024,MIA,cf,3.035,,Cots,False,False,True,Jonathan,Davis
Andrew Velazquez,2024,ATL,ss-3b,3.033,,Cots,False,False,True,Andrew,Velazquez
Luis Torrens,2024,SEA,c,3.155,,Cots,False,False,True,Luis,Torrens
Austin Gomber,2024,COL,lhp,4.111,,Cots,False,,,Austin,Gomber
Alex Kirilloff,2024,MIN,1b,2.141,,Cots,False,,,Alex,Kirilloff
Chad Wallach,2024,ANA,c,4.018,,Cots,False,,,Chad,Wallach
John Means,2024,BAL,lhp-s,5.007,,Cots,False,,,John,Means
Michael Chavis,2024,WAS,3b,4.089,,Cots,False,False,True,Michael,Chavis
Carson Kelly,2024,DET,c,5.161,,Cots,False,,,Carson,Kelly
Sam Hilliard,2024,BAL,rf,3.094,,Cots,False,,,Sam,Hilliard
Trayce Thompson,2024,CHA,of,4.01,,Cots,False,,,Trayce,Thompson
Michael Kopech,2024,CHA,rhp-s,4.041,,Cots,False,,,Michael,Kopech
José Suarez,2024,ANA,lhp-s,3.084,,Cots,False,,,José,Suarez
Carlos Perez,2024,OAK,c,3.167,,Cots,False,,,Carlos,Perez
Garrett Stubbs,2024,PHI,c,3.12,,Cots,False,,,Garrett,Stubbs
J.D. Davis,2024,SFN,3b,5.137,,Cots,False,,,J.D.,Davis
Ty Blach,2024,COL,lhp-s,3.135,,Cots,False,False,True,Ty,Blach
Eric Lauer,2024,MIL,lhp-s,4.111,,Cots,False,False,True,Eric,Lauer
Cal Quantrill,2024,COL,rhp-s,4.132,,Cots,False,,,Cal,Quantrill
Tyler Stephenson,2024,CIN,c,3.056,,Cots,False,,,Tyler,Stephenson
Walker Buehler,2024,LAN,rhp,5.168,,Cots,False,,,Walker,Buehler
Lou Trivino,2024,NYA,rhp,5.163,,Cots,False,True,False,Lou,Trivino
JT Brubaker,2024,PIT,rhp,4.0,,Cots,False,,,JT,Brubaker
Dillon Tate,2024,BAL,rhp,4.048,,Cots,False,,,Dillon,Tate
Huascar Ynoa,2024,ATL,rhp,3.011,,Cots,False,,,Huascar,Ynoa
Gavin Lux,2024,LAN,ss,3.114,,Cots,False,,,Gavin,Lux
Brett Martin,2024,TEX,lhp,4.151,,Cots,False,True,False,Brett,Martin
Anthony Bender,2024,MIA,rhp,2.153,,Cots,False,,,Anthony,Bender
Codi Heuer,2024,CHN,rhp,4.0,,Cots,False,True,False,Codi,Heuer
Lucas Gilbreath,2024,COL,lhp,2.148,,Cots,False,,,Lucas,Gilbreath
Elieser Hernández,2024,NYN,rhp,5.044,,Cots,False,False,True,Elieser,Hernández
Matt Foster,2024,CHA,rhp,3.093,,Cots,False,,,Matt,Foster
Casey Mize,2024,DET,rhp-s,3.111,,Cots,False,,,Casey,Mize
J.P. Feyereisen,2024,LAN,rhp,3.108,,Cots,False,,,J.P.,Feyereisen
Vladimir Gutierrez,2024,CIN,rhp,2.127,,Cots,False,,,Vladimir,Gutierrez
Justin Dunn,2024,CIN,rhp,4.02,,Cots,False,,,Justin,Dunn
